feature	metadata	value	coef	stderr	N	N.not.0	pval	qval
k__Bacteria.p__Actinobacteria.c__Actinobacteria.o__Actinomycetales.f__Actinomycetaceae.g__Actinomyces.s__Actinomyces_oris	Case_status	Case_status	1.84973775185125	0.292721695653454	724	345	4.61596510302304e-10	1.93870534326968e-07
k__Bacteria.p__Firmicutes.c__Clostridia.o__Clostridiales.f__Ruminococcaceae.g__Ruthenibacterium.s__Ruthenibacterium_lactatiformans	Case_status	Case_status	1.28214113925239	0.210041627540098	724	707	1.69016268551709e-09	3.54934163958589e-07
k__Bacteria.p__Actinobacteria.c__Actinobacteria.o__Bifidobacteriales.f__Bifidobacteriaceae.g__Bifidobacterium.s__Bifidobacterium_dentium	Case_status	Case_status	2.11831969389989	0.361659465202749	724	243	7.16535820632228e-09	1.00315014888512e-06
k__Bacteria.p__Firmicutes.c__Clostridia.o__Clostridiales.f__Ruminococcaceae.g__Ruminococcaceae_unclassified.s__Clostridium_leptum	Case_status	Case_status	1.8251638774157	0.335626787809127	724	606	7.3897134839979e-08	7.7591991581978e-06
k__Bacteria.p__Firmicutes.c__Bacilli.o__Lactobacillales.f__Streptococcaceae.g__Streptococcus.s__Streptococcus_mutans	Case_status	Case_status	1.5255973054261	0.295545873866806	724	206	3.16684909395259e-07	2.66015323892017e-05
k__Bacteria.p__Firmicutes.c__Clostridia.o__Clostridiales.f__Lachnospiraceae.g__Roseburia.s__Roseburia_intestinalis	Case_status	Case_status	-2.57342727993692	0.511384057051016	724	464	6.1322992464316e-07	4.29260947250212e-05
k__Bacteria.p__Firmicutes.c__Bacilli.o__Lactobacillales.f__Enterococcaceae.g__Enterococcus.s__Enterococcus_avium	Case_status	Case_status	0.867213166327304	0.178719562779434	724	54	1.4972108695528e-06	8.53223771101679e-05
k__Bacteria.p__Firmicutes.c__Clostridia.o__Clostridiales.f__Lachnospiraceae.g__Blautia.s__Blautia_wexlerae	Case_status	Case_status	-1.91343966752552	0.397696862388725	724	647	1.82833665236074e-06	8.53223771101679e-05
k__Bacteria.p__Firmicutes.c__Clostridia.o__Clostridiales.f__Lachnospiraceae.g__Eisenbergiella.s__Eisenbergiella_tayi	Case_status	Case_status	1.59606522344814	0.330418973451143	724	366	1.66617759204046e-06	8.53223771101679e-05
k__Bacteria.p__Firmicutes.c__Erysipelotrichia.o__Erysipelotrichales.f__Erysipelotrichaceae.g__Erysipelatoclostridium.s__Clostridium_innocuum	Sex	Sex	-1.63098420174665	0.340708338851221	724	533	2.05599797953551e-06	8.63519151404916e-05
k__Bacteria.p__Firmicutes.c__Clostridia.o__Clostridiales.f__Ruminococcaceae.g__Ruthenibacterium.s__Ruthenibacterium_lactatiformans	Sex	Sex	-0.889998564580149	0.19887674123423	724	707	8.87791655333664e-06	0.000338974995672853
k__Bacteria.p__Firmicutes.c__Clostridia.o__Clostridiales.f__Lachnospiraceae.g__Anaerostipes.s__Anaerostipes_hadrus	Case_status	Case_status	-1.95001956556248	0.451494291395879	724	524	1.78770242177044e-05	0.000500556678095724
k__Bacteria.p__Firmicutes.c__Clostridia.o__Clostridiales.f__Ruminococcaceae.g__Faecalibacterium.s__Faecalibacterium_prausnitzii	Case_status	Case_status	-1.71687564797002	0.395517062982139	724	663	1.62328147790192e-05	0.000500556678095724
k__Bacteria.p__Firmicutes.c__Clostridia.o__Clostridiales.f__Ruminococcaceae.g__Faecalibacterium.s__Faecalibacterium_prausnitzii	Sex	Sex	1.61790309435807	0.374493120766763	724	663	1.77815198933078e-05	0.000500556678095724
k__Bacteria.p__Firmicutes.c__Clostridia.o__Clostridiales.f__Ruminococcaceae.g__Ruthenibacterium.s__Ruthenibacterium_lactatiformans	age_scaled	age_scaled	0.414068429712604	0.0954258807068582	724	707	1.63538653273168e-05	0.000500556678095724
k__Bacteria.p__Firmicutes.c__Clostridia.o__Clostridiales.f__Lachnospiraceae.g__Roseburia.s__Roseburia_inulinivorans	Sex	Sex	1.83963073043285	0.432231696612964	724	421	2.35601370836777e-05	0.000618453598446539
k__Bacteria.p__Firmicutes.c__Clostridia.o__Clostridiales.f__Lachnospiraceae.g__Eisenbergiella.s__Eisenbergiella_tayi	total_seqs_scaled	total_seqs_scaled	0.618290441531153	0.146872341502223	724	366	2.8816225941233e-05	0.00068835984324249
k__Bacteria.p__Firmicutes.c__Clostridia.o__Clostridiales.f__Ruminococcaceae.g__Ruminococcaceae_unclassified.s__Ruminococcaceae_bacterium_D5	Case_status	Case_status	1.13196460674867	0.269241576649351	724	199	2.95011361389639e-05	0.00068835984324249
k__Bacteria.p__Firmicutes.c__Negativicutes.o__Acidaminococcales.f__Acidaminococcaceae.g__Acidaminococcus.s__Acidaminococcus_intestini	Sex	Sex	2.03162020974825	0.487283872816447	724	208	3.42903266645668e-05	0.000757996694690423
k__Bacteria.p__Firmicutes.c__Clostridia.o__Clostridiales.f__Clostridiaceae.g__Hungatella.s__Hungatella_hathewayi	Case_status	Case_status	1.48455302553586	0.358583177285082	724	362	3.88475951052404e-05	0.000815799497210049
k__Bacteria.p__Firmicutes.c__Clostridia.o__Clostridiales.f__Lachnospiraceae.g__Lachnospiraceae_unclassified.s__Eubacterium_rectale	Sex	Sex	1.86423594118442	0.466905458327433	724	596	7.20333145518418e-05	0.00144066629103684
k__Bacteria.p__Firmicutes.c__Bacilli.o__Lactobacillales.f__Streptococcaceae.g__Streptococcus.s__Streptococcus_australis	Case_status	Case_status	-0.640029253474698	0.165087264701116	724	86	0.000115487836827486	0.00220476779397927
k__Bacteria.p__Firmicutes.c__Clostridia.o__Clostridiales.f__Ruminococcaceae.g__Pseudoflavonifractor.s__Pseudoflavonifractor_sp_An184	total_seqs_scaled	total_seqs_scaled	0.386642426296665	0.100451157910144	724	88	0.000129140737305911	0.00235822215949924
k__Bacteria.p__Firmicutes.c__Clostridia.o__Clostridiales.f__Lachnospiraceae.g__Fusicatenibacter.s__Fusicatenibacter_saccharivorans	Case_status	Case_status	-2.08291932355564	0.544793140959736	724	542	0.000143097975969089	0.00250421457945905
k__Bacteria.p__Firmicutes.c__Erysipelotrichia.o__Erysipelotrichales.f__Erysipelotrichaceae.g__Turicibacter.s__Turicibacter_sanguinis	Case_status	Case_status	1.08614081339817	0.28573238316157	724	129	0.0001561880829067	0.00262395979283257
k__Bacteria.p__Actinobacteria.c__Actinobacteria.o__Actinomycetales.f__Actinomycetaceae.g__Actinomyces.s__Actinomyces_sp_HPA0247	Case_status	Case_status	0.942966975107603	0.249412312251491	724	157	0.00016934971616878	0.00269437606246195
k__Bacteria.p__Firmicutes.c__Clostridia.o__Clostridiales.f__Eubacteriaceae.g__Eubacterium.s__Eubacterium_callanderi	age_scaled	age_scaled	0.339357079446211	0.090330884442412	724	99	0.000186040251931897	0.00269437606246195
k__Bacteria.p__Firmicutes.c__Clostridia.o__Clostridiales.f__Eubacteriaceae.g__Eubacterium.s__Eubacterium_hallii	Sex	Sex	1.31600033995411	0.34960747049346	724	507	0.000180720741434668	0.00269437606246195
k__Bacteria.p__Firmicutes.c__Clostridia.o__Clostridiales.f__Lachnospiraceae.g__Lachnospiraceae_unclassified.s__Eubacterium_rectale	Case_status	Case_status	-1.85747147912684	0.493117404105826	724	596	0.000178906433288606	0.00269437606246195
k__Bacteria.p__Firmicutes.c__Clostridia.o__Clostridiales.f__Clostridiaceae.g__Clostridium.s__Clostridium_sp_CAG_299	Case_status	Case_status	-1.13377836139571	0.304852379650232	724	120	0.000215520734971655	0.00284996547581346
k__Bacteria.p__Firmicutes.c__Erysipelotrichia.o__Erysipelotrichales.f__Erysipelotrichaceae.g__Coprobacillus.s__Coprobacillus_cateniformis	Case_status	Case_status	0.836691669882833	0.225087873943042	724	94	0.000217140226728645	0.00284996547581346
k__Bacteria.p__Firmicutes.c__Erysipelotrichia.o__Erysipelotrichales.f__Erysipelotrichaceae.g__Erysipelatoclostridium.s__Clostridium_innocuum	Case_status	Case_status	1.3408975816909	0.35983561257427	724	533	0.000209483119458139	0.00284996547581346
k__Bacteria.p__Firmicutes.c__Bacilli.o__Lactobacillales.f__Streptococcaceae.g__Streptococcus.s__Streptococcus_mutans	total_seqs_scaled	total_seqs_scaled	0.486030920487117	0.131371131817153	724	206	0.000232370290202126	0.00295744005711796
k__Bacteria.p__Firmicutes.c__Bacilli.o__Lactobacillales.f__Lactobacillaceae.g__Lactobacillus.s__Lactobacillus_salivarius	Case_status	Case_status	0.887496645768932	0.242956480576915	724	84	0.000278156725011551	0.00343605366190739
k__Bacteria.p__Actinobacteria.c__Actinobacteria.o__Actinomycetales.f__Actinomycetaceae.g__Actinomyces.s__Actinomyces_oris	age_scaled	age_scaled	0.48430589892183	0.132988998118495	724	345	0.000290318573898672	0.00348382288678407
k__Archaea.p__Euryarchaeota.c__Methanobacteria.o__Methanobacteriales.f__Methanobacteriaceae.g__Methanobrevibacter.s__Methanobrevibacter_smithii	Sex	Sex	1.52879591157743	0.420668409270823	724	247	0.00029872751319693	0.00348515432063085
k__Bacteria.p__Firmicutes.c__Clostridia.o__Clostridiales.f__Ruminococcaceae.g__Ruminococcus.s__Ruminococcus_lactaris	Case_status	Case_status	-1.17187003391207	0.323208230006114	724	203	0.00030850105552458	0.00350190387352226
k__Bacteria.p__Firmicutes.c__Negativicutes.o__Veillonellales.f__Veillonellaceae.g__Megasphaera.s__Megasphaera_sp_DISK_18	collection_method	collection_method	4.26447002519502	1.18239233957317	724	59	0.000331668148331407	0.00366580584997871
k__Bacteria.p__Firmicutes.c__Clostridia.o__Clostridiales.f__Lachnospiraceae.g__Roseburia.s__Roseburia_inulinivorans	Case_status	Case_status	-1.63469675126393	0.456497066814261	724	421	0.000365409309622798	0.00393517718055321
k__Bacteria.p__Actinobacteria.c__Actinobacteria.o__Bifidobacteriales.f__Bifidobacteriaceae.g__Scardovia.s__Scardovia_wiggsiae	Case_status	Case_status	0.554491890291968	0.156020933156958	724	55	0.000404323389727729	0.00424539559214115
k__Bacteria.p__Firmicutes.c__Bacilli.o__Lactobacillales.f__Streptococcaceae.g__Streptococcus.s__Streptococcus_mutans	age_scaled	age_scaled	0.468026883478826	0.134272075651451	724	206	0.00052076524636847	0.00533466837743311
k__Bacteria.p__Actinobacteria.c__Actinobacteria.o__Bifidobacteriales.f__Bifidobacteriaceae.g__Bifidobacterium.s__Bifidobacterium_longum	Case_status	Case_status	1.61799358399692	0.471235633783826	724	575	0.000630010963136614	0.00630010963136614
k__Bacteria.p__Firmicutes.c__Bacilli.o__Lactobacillales.f__Lactobacillaceae.g__Lactobacillus.s__Lactobacillus_rhamnosus	Case_status	Case_status	0.875286136129051	0.257921192691733	724	134	0.000727627086544665	0.00710705526392464
k__Bacteria.p__Actinobacteria.c__Actinobacteria.o__Actinomycetales.f__Actinomycetaceae.g__Actinomyces.s__Actinomyces_sp_oral_taxon_448	Case_status	Case_status	0.552938500811887	0.164080433268228	724	61	0.000792090208469106	0.00751430948438232
k__Bacteria.p__Firmicutes.c__Clostridia.o__Clostridiales.f__Lachnospiraceae.g__Lachnoclostridium.s__Lachnoclostridium_sp_An131	Case_status	Case_status	0.565724088126633	0.16841070162525	724	90	0.000822995800670445	0.00751430948438232
k__Bacteria.p__Firmicutes.c__Erysipelotrichia.o__Erysipelotrichales.f__Erysipelotrichaceae.g__Erysipelatoclostridium.s__Clostridium_innocuum	age_scaled	age_scaled	0.549987545482407	0.163480118878037	724	533	0.000808301856375707	0.00751430948438232
k__Bacteria.p__Firmicutes.c__Bacilli.o__Lactobacillales.f__Lactobacillaceae.g__Lactobacillus.s__Lactobacillus_paragasseri	Case_status	Case_status	0.662543497023905	0.199332195265683	724	57	0.000933012152027336	0.00833755540109534
k__Bacteria.p__Firmicutes.c__Negativicutes.o__Veillonellales.f__Veillonellaceae.g__Megasphaera.s__Megasphaera_sp_DISK_18	Case_status	Case_status	0.731995113542219	0.221227745622517	724	59	0.000983764183195553	0.00860793660296108
k__Bacteria.p__Firmicutes.c__Clostridia.o__Clostridiales.f__Eubacteriaceae.g__Eubacterium.s__Eubacterium_sp_CAG_38	Case_status	Case_status	-1.37783187034089	0.419791600359277	724	306	0.00107992599303525	0.00925650851173072
k__Bacteria.p__Firmicutes.c__Clostridia.o__Clostridiales.f__Ruminococcaceae.g__Ruminococcus.s__Ruminococcus_callidus	Case_status	Case_status	-0.294145768232532	0.0902480723820887	724	39	0.00116951122165227	0.00982389426187905
k__Bacteria.p__Firmicutes.c__Clostridia.o__Clostridiales.f__Lachnospiraceae.g__Eisenbergiella.s__Eisenbergiella_tayi	age_scaled	age_scaled	0.478180570665924	0.150115583815937	724	366	0.00150798062838072	0.0124186639984295
k__Bacteria.p__Bacteroidetes.c__Bacteroidia.o__Bacteroidales.f__Porphyromonadaceae.g__Porphyromonas.s__Porphyromonas_asaccharolytica	total_seqs_scaled	total_seqs_scaled	0.341512907414789	0.107532723412999	724	59	0.00155762565708359	0.0125808226149059
k__Bacteria.p__Firmicutes.c__Clostridia.o__Clostridiales.f__Ruminococcaceae.g__Ruminococcus.s__Ruminococcus_bicirculans	Case_status	Case_status	-1.50794947263093	0.477685809213479	724	241	0.00166191754873111	0.013169912650322
k__Bacteria.p__Firmicutes.c__Clostridia.o__Clostridiales.f__Lachnospiraceae.g__Eisenbergiella.s__Eisenbergiella_tayi	Sex	Sex	-0.976252891727456	0.312855358490202	724	366	0.00187800051745362	0.0146066706913059
k__Bacteria.p__Firmicutes.c__Clostridia.o__Clostridiales.f__Lachnospiraceae.g__Roseburia.s__Roseburia_faecis	Case_status	Case_status	-1.71984322721855	0.552408708971394	724	448	0.00192320280901821	0.0146862759961391
k__Bacteria.p__Bacteroidetes.c__Bacteroidia.o__Bacteroidales.f__Porphyromonadaceae.g__Porphyromonas.s__Porphyromonas_asaccharolytica	Case_status	Case_status	0.74436631849364	0.241916563180761	724	59	0.00217076299786351	0.0157193182603909
k__Bacteria.p__Bacteroidetes.c__Bacteroidia.o__Bacteroidales.f__Tannerellaceae.g__Parabacteroides.s__Parabacteroides_distasonis	Sex	Sex	1.25811409193453	0.40758638585943	724	630	0.00210146486971709	0.0157193182603909
k__Bacteria.p__Firmicutes.c__Clostridia.o__Clostridiales.f__Eubacteriaceae.g__Eubacterium.s__Eubacterium_limosum	Case_status	Case_status	0.708009487925051	0.229999531279349	724	104	0.00216105528048406	0.0157193182603909
k__Bacteria.p__Bacteroidetes.c__Bacteroidia.o__Bacteroidales.f__Prevotellaceae.g__Prevotella.s__Prevotella_copri	Case_status	Case_status	-1.36661096094968	0.445254578113198	724	260	0.00222656453714473	0.0158501204339116
k__Bacteria.p__Firmicutes.c__Clostridia.o__Clostridiales.f__Lachnospiraceae.g__Lachnospiraceae_unclassified.s__Eubacterium_rectale	age_scaled	age_scaled	-0.674178249511665	0.224032555497576	724	596	0.0027102799178972	0.0189719594252804
k__Bacteria.p__Firmicutes.c__Clostridia.o__Clostridiales.f__Lachnospiraceae.g__Anaerostipes.s__Anaerostipes_hadrus	Sex	Sex	1.28421619639332	0.427494846665709	724	524	0.00275676660073375	0.0189810159394783
k__Bacteria.p__Firmicutes.c__Clostridia.o__Clostridiales.f__Eubacteriaceae.g__Eubacterium.s__Eubacterium_ramulus	Case_status	Case_status	-1.14513050221312	0.385665536655652	724	253	0.00308490942746991	0.0205660628497994
k__Bacteria.p__Firmicutes.c__Clostridia.o__Clostridiales.f__Ruminococcaceae.g__Harryflintia.s__Harryflintia_acetispora	total_seqs_scaled	total_seqs_scaled	0.328087875516735	0.110345583718893	724	190	0.00304504618726443	0.0205660628497994
k__Bacteria.p__Firmicutes.c__Clostridia.o__Clostridiales.f__Clostridiaceae.g__Hungatella.s__Hungatella_hathewayi	Sex	Sex	-1.00113532780474	0.339522477496796	724	362	0.0032952172715626	0.0216248633446296
k__Bacteria.p__Firmicutes.c__Clostridia.o__Clostridiales.f__Eubacteriaceae.g__Eubacterium.s__Eubacterium_hallii	Case_status	Case_status	-1.08474676030348	0.369234339052938	724	507	0.00341109334728934	0.022040910859408
k__Bacteria.p__Firmicutes.c__Clostridia.o__Clostridiales.f__Eubacteriaceae.g__Eubacterium.s__Eubacterium_eligens	Case_status	Case_status	-1.22346946555855	0.418568947539352	724	366	0.00357598237752023	0.0227562514933105
k__Bacteria.p__Actinobacteria.c__Actinobacteria.o__Bifidobacteriales.f__Bifidobacteriaceae.g__Bifidobacterium.s__Bifidobacterium_pullorum	Case_status	Case_status	0.585627017464058	0.201796800423214	724	64	0.00382067413825323	0.0239504945980053
k__Bacteria.p__Firmicutes.c__Clostridia.o__Clostridiales.f__Clostridiaceae.g__Clostridium.s__Clostridium_sp_CAG_58	Case_status	Case_status	-1.15731434981522	0.400976693439312	724	462	0.00401579859269365	0.0245707666908945
k__Bacteria.p__Firmicutes.c__Erysipelotrichia.o__Erysipelotrichales.f__Erysipelotrichaceae.g__Coprobacillus.s__Coprobacillus_cateniformis	age_scaled	age_scaled	0.294983098938673	0.102261674788006	724	94	0.00403662595636124	0.0245707666908945
k__Bacteria.p__Firmicutes.c__Bacilli.o__Lactobacillales.f__Streptococcaceae.g__Streptococcus.s__Streptococcus_sp_A12	Case_status	Case_status	-0.35745561577508	0.124204911684734	724	58	0.00412156851119868	0.0247294110671921
k__Bacteria.p__Actinobacteria.c__Actinobacteria.o__Micrococcales.f__Micrococcaceae.g__Rothia.s__Rothia_mucilaginosa	Case_status	Case_status	-0.836464095725818	0.291867085750212	724	241	0.00427978455220888	0.0253170353792638
k__Bacteria.p__Firmicutes.c__Clostridia.o__Clostridiales.f__Lachnospiraceae.g__Blautia.s__Blautia_hansenii	Case_status	Case_status	-0.942027277962064	0.329704944507113	724	137	0.00439783271351553	0.0256540241621739
k__Bacteria.p__Firmicutes.c__Clostridia.o__Clostridiales.f__Clostridiaceae.g__Clostridium.s__Clostridium_sp_CAG_58	Sex	Sex	1.08152443685549	0.379662541354396	724	462	0.00451618116021661	0.0259835080450819
k__Bacteria.p__Firmicutes.c__Bacilli.o__Lactobacillales.f__Streptococcaceae.g__Streptococcus.s__Streptococcus_anginosus_group	Case_status	Case_status	0.597637313680741	0.213099820824803	724	141	0.00517575234384856	0.0293758916813027
k__Bacteria.p__Actinobacteria.c__Actinobacteria.o__Bifidobacteriales.f__Bifidobacteriaceae.g__Bifidobacterium.s__Bifidobacterium_gallinarum	Case_status	Case_status	0.33040924240168	0.11923354797162	724	45	0.00573110744826546	0.0320942017102866
k__Bacteria.p__Firmicutes.c__Bacilli.o__Lactobacillales.f__Lactobacillaceae.g__Lactobacillus.s__Lactobacillus_fermentum	Case_status	Case_status	0.899303346378519	0.330453900933451	724	141	0.00665774873478206	0.0367928219553746
k__Bacteria.p__Firmicutes.c__Bacilli.o__Lactobacillales.f__Streptococcaceae.g__Streptococcus.s__Streptococcus_lutetiensis	Case_status	Case_status	0.47293808109505	0.174102809292029	724	41	0.00675785853190704	0.0368610465376747
k__Bacteria.p__Actinobacteria.c__Actinobacteria.o__Actinomycetales.f__Actinomycetaceae.g__Actinomyces.s__Actinomyces_sp_ICM47	Case_status	Case_status	-0.75726082168776	0.279531078735731	724	216	0.00690865586696485	0.0372004546682723
k__Bacteria.p__Bacteroidetes.c__Bacteroidia.o__Bacteroidales.f__Porphyromonadaceae.g__Porphyromonas.s__Porphyromonas_asaccharolytica	collection_method	collection_method	3.47125918646543	1.29296752681679	724	59	0.00742647333334827	0.0385076395062503
k__Bacteria.p__Firmicutes.c__Clostridia.o__Clostridiales.f__Christensenellaceae.g__Christensenella.s__Christensenella_minuta	Case_status	Case_status	0.573782483123688	0.213233660179865	724	99	0.00729253542390541	0.0385076395062503
k__Bacteria.p__Firmicutes.c__Clostridia.o__Clostridiales.f__Lachnospiraceae.g__Roseburia.s__Roseburia_intestinalis	Sex	Sex	1.30074267962842	0.484201136586747	724	464	0.00739035515454988	0.0385076395062503
k__Bacteria.p__Synergistetes.c__Synergistia.o__Synergistales.f__Synergistaceae.g__Cloacibacillus.s__Cloacibacillus_evryensis	Case_status	Case_status	0.640388669302812	0.238994583225471	724	131	0.0075418857162835	0.0386291707419399
k__Bacteria.p__Actinobacteria.c__Coriobacteriia.o__Coriobacteriales.f__Coriobacteriaceae.g__Enorma.s__Collinsella_massiliensis	Case_status	Case_status	0.644052247727582	0.241326998288201	724	357	0.00778428951007091	0.0393903806533709
k__Bacteria.p__Firmicutes.c__Clostridia.o__Clostridiales.f__Lachnospiraceae.g__Lachnoclostridium.s__Clostridium_hylemonae	Case_status	Case_status	0.289432548687559	0.108850865206202	724	39	0.00801235393111043	0.0400617696555521
k__Bacteria.p__Firmicutes.c__Clostridia.o__Clostridiales.f__Eubacteriaceae.g__Eubacterium.s__Eubacterium_callanderi	Case_status	Case_status	0.52017453853634	0.198827046131282	724	99	0.00907793069938939	0.0448556575734535
k__Bacteria.p__Proteobacteria.c__Gammaproteobacteria.o__Enterobacterales.f__Enterobacteriaceae.g__Klebsiella.s__Klebsiella_quasipneumoniae	age_scaled	age_scaled	0.261502067020517	0.100311720931616	724	127	0.00932638152916633	0.0455474446773239
k__Bacteria.p__Firmicutes.c__Negativicutes.o__Veillonellales.f__Veillonellaceae.g__Veillonella.s__Veillonella_dispar	Case_status	Case_status	-0.342385408657373	0.131677957253932	724	87	0.00950929314034216	0.0459069324016518
k__Archaea.p__Euryarchaeota.c__Thermoplasmata.o__Methanomassiliicoccales.f__Methanomassiliicoccaceae.g__Methanomassiliicoccus.s__Candidatus_Methanomassiliicoccus_intestinalis	Case_status	Case_status	0.420778653485845	0.162275286824408	724	54	0.00970819746990419	0.0461226137946669
k__Bacteria.p__Firmicutes.c__Clostridia.o__Clostridiales.f__Ruminococcaceae.g__Pseudoflavonifractor.s__Pseudoflavonifractor_sp_An184	age_scaled	age_scaled	0.26598138303765	0.102669325350409	724	88	0.00977360149458418	0.0461226137946669
k__Bacteria.p__Bacteroidetes.c__Bacteroidia.o__Bacteroidales.f__Rikenellaceae.g__Alistipes.s__Alistipes_indistinctus	Sex	Sex	1.02317443869144	0.395954062690339	724	306	0.00996046311522123	0.0464821612043657
k__Bacteria.p__Actinobacteria.c__Actinobacteria.o__Bifidobacteriales.f__Bifidobacteriaceae.g__Bifidobacterium.s__Bifidobacterium_breve	Case_status	Case_status	0.735026084880822	0.284951031234932	724	104	0.0100925939238344	0.0465479251595853
k__Bacteria.p__Firmicutes.c__Bacilli.o__Lactobacillales.f__Streptococcaceae.g__Streptococcus.s__Streptococcus_vestibularis	Case_status	Case_status	0.686479242535801	0.266498791384372	724	245	0.0101962121778139	0.0465479251595853
k__Bacteria.p__Firmicutes.c__Clostridia.o__Clostridiales.f__Ruminococcaceae.g__Faecalibacterium.s__Faecalibacterium_prausnitzii	age_scaled	age_scaled	-0.45966681099185	0.179690876097669	724	663	0.0107288099269844	0.0484223283430521
k__Bacteria.p__Proteobacteria.c__Gammaproteobacteria.o__Enterobacterales.f__Enterobacteriaceae.g__Escherichia.s__Escherichia_coli	collection_method	collection_method	5.45547987051296	2.13558333168568	724	390	0.0108373782482069	0.0484223283430521
k__Bacteria.p__Firmicutes.c__Negativicutes.o__Veillonellales.f__Veillonellaceae.g__Megasphaera.s__Megasphaera_sp_MJR8396C	Case_status	Case_status	0.826999532781245	0.325879284884274	724	99	0.0113671683539915	0.050254849565015
k__Bacteria.p__Actinobacteria.c__Actinobacteria.o__Actinomycetales.f__Actinomycetaceae.g__Actinomyces.s__Actinomyces_naeslundii	Case_status	Case_status	0.452524154449301	0.179191521970712	724	96	0.0117719282572623	0.05134857509325
k__Bacteria.p__Firmicutes.c__Clostridia.o__Clostridiales.f__Ruminococcaceae.g__Ruminococcus.s__Ruminococcus_bicirculans	Sex	Sex	1.14102481765832	0.452294138941942	724	241	0.0118590756762982	0.05134857509325
k__Bacteria.p__Actinobacteria.c__Actinobacteria.o__Bifidobacteriales.f__Bifidobacteriaceae.g__Bifidobacterium.s__Bifidobacterium_dentium	age_scaled	age_scaled	0.412968991613818	0.164308729593876	724	243	0.0121761494104717	0.0516563914383647
k__Bacteria.p__Firmicutes.c__Bacilli.o__Lactobacillales.f__Streptococcaceae.g__Streptococcus.s__Streptococcus_mitis	Case_status	Case_status	-0.504426242989778	0.200425241157034	724	115	0.0120600605494518	0.0516563914383647
k__Bacteria.p__Proteobacteria.c__Gammaproteobacteria.o__Enterobacterales.f__Enterobacteriaceae.g__Klebsiella.s__Klebsiella_pneumoniae	age_scaled	age_scaled	0.401199474555464	0.160187799046941	724	190	0.0124810571508495	0.0524204400335678
k__Bacteria.p__Firmicutes.c__Bacilli.o__Lactobacillales.f__Lactobacillaceae.g__Lactobacillus.s__Lactobacillus_fermentum	age_scaled	age_scaled	0.374081320362551	0.1501314520312	724	141	0.012938208228113	0.0532749750569358
k__Bacteria.p__Firmicutes.c__Clostridia.o__Clostridiales.f__Eubacteriaceae.g__Eubacterium.s__Eubacterium_ramulus	Sex	Sex	0.910029801140691	0.365165258119056	724	253	0.0129233368442465	0.0532749750569358
k__Bacteria.p__Firmicutes.c__Bacilli.o__Lactobacillales.f__Streptococcaceae.g__Streptococcus.s__Streptococcus_vestibularis	age_scaled	age_scaled	0.299851077470301	0.121075437155009	724	245	0.0134947031652094	0.0545639207786423
k__Bacteria.p__Firmicutes.c__Clostridia.o__Clostridiales.f__Lachnospiraceae.g__Roseburia.s__Roseburia_inulinivorans	age_scaled	age_scaled	-0.513537105116707	0.207395244223825	724	421	0.0135110660975686	0.0545639207786423
k__Bacteria.p__Firmicutes.c__Bacilli.o__Lactobacillales.f__Lactobacillaceae.g__Lactobacillus.s__Lactobacillus_rhamnosus	age_scaled	age_scaled	0.289655701484167	0.117178471971577	724	134	0.0136697761191409	0.0546791044765635
k__Bacteria.p__Firmicutes.c__Negativicutes.o__Veillonellales.f__Veillonellaceae.g__Megasphaera.s__Megasphaera_sp_DISK_18	age_scaled	age_scaled	-0.247500563155004	0.10050794554423	724	59	0.0140310690333468	0.0555948018302421
k__Bacteria.p__Proteobacteria.c__Gammaproteobacteria.o__Enterobacterales.f__Enterobacteriaceae.g__Escherichia.s__Escherichia_coli	Case_status	Case_status	0.974684094986082	0.399571504521416	724	390	0.0149559005104433	0.0587054038727683
k__Bacteria.p__Actinobacteria.c__Actinobacteria.o__Bifidobacteriales.f__Bifidobacteriaceae.g__Bifidobacterium.s__Bifidobacterium_saeculare	Case_status	Case_status	0.302467598885377	0.124752421463813	724	39	0.0155734908817876	0.0600079465169799
k__Bacteria.p__Bacteroidetes.c__Bacteroidia.o__Bacteroidales.f__Rikenellaceae.g__Alistipes.s__Alistipes_indistinctus	age_scaled	age_scaled	0.461059642738215	0.189988356190849	724	306	0.0154786614984297	0.0600079465169799
k__Bacteria.p__Firmicutes.c__Clostridia.o__Clostridiales.f__Eubacteriaceae.g__Eubacterium.s__Eubacterium_eligens	Sex	Sex	0.955201191349034	0.396319668836007	724	366	0.0161951293940893	0.0618359485956138
k__Bacteria.p__Actinobacteria.c__Actinobacteria.o__Actinomycetales.f__Actinomycetaceae.g__Actinomyces.s__Actinomyces_sp_ICM47	age_scaled	age_scaled	-0.302904984101811	0.126996251579716	724	216	0.0173306658172718	0.0638498214320541
k__Bacteria.p__Actinobacteria.c__Actinobacteria.o__Bifidobacteriales.f__Bifidobacteriaceae.g__Bifidobacterium.s__Bifidobacterium_bifidum	Case_status	Case_status	1.18376902655428	0.495943418601728	724	207	0.0172488519976602	0.0638498214320541
k__Bacteria.p__Firmicutes.c__Bacilli.o__Lactobacillales.f__Streptococcaceae.g__Streptococcus.s__Streptococcus_lutetiensis	age_scaled	age_scaled	-0.189311072893604	0.0790981964137483	724	41	0.0169503143833855	0.0638498214320541
k__Bacteria.p__Firmicutes.c__Clostridia.o__Clostridiales.f__Eubacteriaceae.g__Eubacterium.s__Eubacterium_eligens	total_seqs_scaled	total_seqs_scaled	0.444783425844736	0.18605530052685	724	366	0.017077667297971	0.0638498214320541
k__Bacteria.p__Actinobacteria.c__Actinobacteria.o__Micrococcales.f__Micrococcaceae.g__Rothia.s__Rothia_mucilaginosa	age_scaled	age_scaled	0.315478574478909	0.132600732689243	724	241	0.017612456224444	0.0643237531675346
k__Bacteria.p__Actinobacteria.c__Coriobacteriia.o__Coriobacteriales.f__Coriobacteriaceae.g__Enorma.s__Enorma_massiliensis	Case_status	Case_status	0.618955830803877	0.261777751799455	724	166	0.0183228579528429	0.0649363960482223
k__Bacteria.p__Firmicutes.c__Clostridia.o__Clostridiales.f__Clostridiaceae.g__Butyricicoccus.s__Butyricicoccus_pullicaecorum	Case_status	Case_status	-0.371951016089321	0.15753321265158	724	43	0.0184872387792203	0.0649363960482223
k__Bacteria.p__Firmicutes.c__Clostridia.o__Clostridiales.f__Lachnospiraceae.g__Fusicatenibacter.s__Fusicatenibacter_saccharivorans	Sex	Sex	1.22112879500777	0.515834340981522	724	542	0.0181831695788223	0.0649363960482223
k__Bacteria.p__Firmicutes.c__Clostridia.o__Clostridiales.f__Ruminococcaceae.g__Pseudoflavonifractor.s__Pseudoflavonifractor_sp_An184	Case_status	Case_status	0.53327143169812	0.225985152406289	724	88	0.0185532560137778	0.0649363960482223
k__Bacteria.p__Firmicutes.c__Negativicutes.o__Veillonellales.f__Veillonellaceae.g__Megasphaera.s__Megasphaera_sp_MJR8396C	collection_method	collection_method	4.12054600677991	1.7417217220584	724	99	0.0182564010687186	0.0649363960482223
k__Bacteria.p__Firmicutes.c__Bacilli.o__Lactobacillales.f__Streptococcaceae.g__Streptococcus.s__Streptococcus_anginosus_group	total_seqs_scaled	total_seqs_scaled	0.222889421439959	0.0947235848212299	724	141	0.018888899587779	0.0655647754286542
k__Bacteria.p__Firmicutes.c__Clostridia.o__Clostridiales.f__Eubacteriaceae.g__Eubacterium.s__Eubacterium_hallii	age_scaled	age_scaled	-0.390066022764312	0.167750137932134	724	507	0.0203347904869871	0.0700050164306114
k__Bacteria.p__Actinobacteria.c__Actinobacteria.o__Bifidobacteriales.f__Bifidobacteriaceae.g__Bifidobacterium.s__Bifidobacterium_breve	total_seqs_scaled	total_seqs_scaled	0.292656041631478	0.126661688745716	724	104	0.0211412061522338	0.0706291080955641
k__Bacteria.p__Actinobacteria.c__Coriobacteriia.o__Coriobacteriales.f__Coriobacteriaceae.g__Enorma.s__Enorma_massiliensis	age_scaled	age_scaled	0.27496022034349	0.118930579654528	724	166	0.0210631583648713	0.0706291080955641
k__Bacteria.p__Firmicutes.c__Bacilli.o__Lactobacillales.f__Enterococcaceae.g__Enterococcus.s__Enterococcus_faecium	Case_status	Case_status	0.433169461895432	0.18754526365798	724	74	0.0211887324286692	0.0706291080955641
k__Bacteria.p__Firmicutes.c__Negativicutes.o__Veillonellales.f__Veillonellaceae.g__Dialister.s__Dialister_invisus	Case_status	Case_status	-0.721608127522739	0.311337662698919	724	184	0.0207422124551566	0.0706291080955641
k__Bacteria.p__Proteobacteria.c__Gammaproteobacteria.o__Enterobacterales.f__Enterobacteriaceae.g__Klebsiella.s__Klebsiella_pneumoniae	total_seqs_scaled	total_seqs_scaled	0.358384041243588	0.156726946850231	724	190	0.0225048811296173	0.074425591137317
k__Bacteria.p__Proteobacteria.c__Gammaproteobacteria.o__Enterobacterales.f__Enterobacteriaceae.g__Klebsiella.s__Klebsiella_pneumoniae	Case_status	Case_status	0.800914294224637	0.352588897002104	724	190	0.0234103719376025	0.0768152829202583
k__Bacteria.p__Actinobacteria.c__Coriobacteriia.o__Coriobacteriales.f__Coriobacteriaceae.g__Enorma.s__Collinsella_massiliensis	Sex	Sex	0.516776546977441	0.228499119691089	724	357	0.0240196350374805	0.07753183668245
k__Bacteria.p__Bacteroidetes.c__Bacteroidia.o__Bacteroidales.f__Prevotellaceae.g__Prevotella.s__Prevotella_copri	Sex	Sex	0.951473678218633	0.421586809014179	724	260	0.0243149687105768	0.07753183668245
k__Bacteria.p__Bacteroidetes.c__Bacteroidia.o__Bacteroidales.f__Rikenellaceae.g__Alistipes.s__Alistipes_finegoldii	total_seqs_scaled	total_seqs_scaled	0.450938606109249	0.199879091808194	724	574	0.0243671486716272	0.07753183668245
k__Bacteria.p__Firmicutes.c__Bacilli.o__Lactobacillales.f__Lactobacillaceae.g__Lactobacillus.s__Lactobacillus_gasseri	Case_status	Case_status	0.324647794003934	0.143423999073358	724	56	0.023899314252915	0.07753183668245
k__Bacteria.p__Firmicutes.c__Bacilli.o__Lactobacillales.f__Lactobacillaceae.g__Lactobacillus.s__Lactobacillus_rhamnosus	Sex	Sex	-0.54476292224089	0.244211239926644	724	134	0.0260089268961882	0.0821334533563839
k__Bacteria.p__Actinobacteria.c__Actinobacteria.o__Actinomycetales.f__Actinomycetaceae.g__Actinomyces.s__Actinomyces_naeslundii	age_scaled	age_scaled	0.181184448659628	0.0814100947489237	724	96	0.0263523094197949	0.0825967907187602
k__Bacteria.p__Firmicutes.c__Clostridia.o__Clostridiales.f__Clostridiaceae.g__Clostridium.s__Clostridium_sp_CAG_299	age_scaled	age_scaled	-0.306532725280917	0.138500197100936	724	120	0.0271955243495726	0.0846082979764482
k__Bacteria.p__Firmicutes.c__Clostridia.o__Clostridiales.f__Ruminococcaceae.g__Harryflintia.s__Harryflintia_acetispora	Case_status	Case_status	0.543392256771432	0.248244660120109	724	190	0.0289226448572556	0.0893199326474071
k__Bacteria.p__Firmicutes.c__Bacilli.o__Lactobacillales.f__Lactobacillaceae.g__Lactobacillus.s__Lactobacillus_salivarius	age_scaled	age_scaled	0.239514336656351	0.11037972045834	724	84	0.030340706919028	0.0930153058831514
k__Bacteria.p__Firmicutes.c__Bacilli.o__Lactobacillales.f__Streptococcaceae.g__Streptococcus.s__Streptococcus_vestibularis	total_seqs_scaled	total_seqs_scaled	0.256576800083308	0.118459606266898	724	245	0.0306439714676279	0.0932642609884329
k__Bacteria.p__Firmicutes.c__Bacilli.o__Lactobacillales.f__Lactobacillaceae.g__Lactobacillus.s__Lactobacillus_reuteri	Sex	Sex	0.528826167851081	0.244721344457018	724	50	0.0310305979738344	0.093761519057629
k__Bacteria.p__Firmicutes.c__Bacilli.o__Lactobacillales.f__Lactobacillaceae.g__Lactobacillus.s__Lactobacillus_gasseri	age_scaled	age_scaled	0.140389274774067	0.0651602331707415	724	56	0.0315310814245611	0.0945932442736832
k__Archaea.p__Euryarchaeota.c__Methanobacteria.o__Methanobacteriales.f__Methanobacteriaceae.g__Methanobrevibacter.s__Methanobrevibacter_smithii	age_scaled	age_scaled	0.428941331017721	0.201846898692607	724	247	0.0339206107113378	0.101040117012495
k__Bacteria.p__Bacteroidetes.c__Bacteroidia.o__Bacteroidales.f__Rikenellaceae.g__Alistipes.s__Alistipes_indistinctus	total_seqs_scaled	total_seqs_scaled	0.392544268935446	0.185883663924744	724	306	0.0350507068587665	0.103671104793535
k__Bacteria.p__Actinobacteria.c__Actinobacteria.o__Actinomycetales.f__Actinomycetaceae.g__Actinomyces.s__Actinomyces_sp_HPA0247	Sex	Sex	-0.496624385945539	0.236154654033051	724	157	0.0358165106256265	0.105195345893449
k__Bacteria.p__Actinobacteria.c__Actinobacteria.o__Actinomycetales.f__Actinomycetaceae.g__Actinomyces.s__Actinomyces_sp_ICM47	total_seqs_scaled	total_seqs_scaled	0.257411826386889	0.124252501688223	724	216	0.0386515378610051	0.110519182747261
k__Bacteria.p__Actinobacteria.c__Actinobacteria.o__Bifidobacteriales.f__Bifidobacteriaceae.g__Bifidobacterium.s__Bifidobacterium_longum	Sex	Sex	-0.924436835946663	0.446186826382704	724	575	0.0386349545285173	0.110519182747261
k__Bacteria.p__Firmicutes.c__Bacilli.o__Lactobacillales.f__Streptococcaceae.g__Streptococcus.s__Streptococcus_infantis	Case_status	Case_status	-0.281135592653879	0.135905598514279	724	50	0.0389401843729322	0.110519182747261
k__Bacteria.p__Firmicutes.c__Clostridia.o__Clostridiales.f__Ruminococcaceae.g__Ruminococcaceae_unclassified.s__Clostridium_leptum	age_scaled	age_scaled	0.316408885951466	0.152481592294773	724	606	0.038336290224148	0.110519182747261
k__Bacteria.p__Proteobacteria.c__Gammaproteobacteria.o__Enterobacterales.f__Enterobacteriaceae.g__Klebsiella.s__Klebsiella_quasipneumoniae	Case_status	Case_status	0.456729385966455	0.22079583620034	724	127	0.0389448548728444	0.110519182747261
k__Bacteria.p__Bacteroidetes.c__Bacteroidia.o__Bacteroidales.f__Bacteroidaceae.g__Bacteroides.s__Bacteroides_faecis_CAG_32	Sex	Sex	0.478465233118174	0.232711745002204	724	96	0.0401394062748527	0.113144635137169
k__Bacteria.p__Actinobacteria.c__Actinobacteria.o__Actinomycetales.f__Actinomycetaceae.g__Actinomyces.s__Actinomyces_oris	total_seqs_scaled	total_seqs_scaled	0.263027067061537	0.130115775132632	724	345	0.0436001129196433	0.122080316175001
k__Bacteria.p__Firmicutes.c__Clostridia.o__Clostridiales.f__Ruminococcaceae.g__Ruminococcaceae_unclassified.s__Ruminococcaceae_bacterium_D5	age_scaled	age_scaled	0.245850882653524	0.122321536333376	724	199	0.0448181429144175	0.124659735258645
k__Bacteria.p__Firmicutes.c__Clostridia.o__Clostridiales.f__Clostridiaceae.g__Clostridium.s__Clostridium_sp_CAG_58	total_seqs_scaled	total_seqs_scaled	0.356557784371355	0.178235484597433	724	462	0.0458237949518508	0.126618380788009
k__Bacteria.p__Actinobacteria.c__Actinobacteria.o__Actinomycetales.f__Actinomycetaceae.g__Actinomyces.s__Actinomyces_oris	Sex	Sex	-0.551910757903867	0.277161901675911	724	345	0.0468271008521035	0.12750997271512
k__Bacteria.p__Bacteroidetes.c__Bacteroidia.o__Bacteroidales.f__Rikenellaceae.g__Alistipes.s__Alistipes_indistinctus	Case_status	Case_status	0.831852729355593	0.41818281636384	724	306	0.047057251835342	0.12750997271512
k__Bacteria.p__Firmicutes.c__Clostridia.o__Clostridiales.f__Eubacteriaceae.g__Eubacterium.s__Eubacterium_sp_CAG_38	age_scaled	age_scaled	-0.380183208606372	0.190719257162383	724	306	0.0465936358101275	0.12750997271512
k__Bacteria.p__Bacteroidetes.c__Bacteroidia.o__Bacteroidales.f__Bacteroidaceae.g__Bacteroides.s__Bacteroides_faecis_CAG_32	collection_method	collection_method	2.58403765253545	1.31359563342075	724	96	0.0495507263048521	0.133405801589986
k__Bacteria.p__Actinobacteria.c__Actinobacteria.o__Bifidobacteriales.f__Bifidobacteriaceae.g__Bifidobacterium.s__Bifidobacterium_dentium	Sex	Sex	-0.671201372933996	0.342435243520031	724	243	0.0503725138802222	0.134754495730531
k__Bacteria.p__Firmicutes.c__Clostridia.o__Clostridiales.f__Clostridiaceae.g__Hungatella.s__Hungatella_hathewayi	total_seqs_scaled	total_seqs_scaled	0.309503707888965	0.159391424533175	724	362	0.0525540768152145	0.139700710521456
k__Bacteria.p__Bacteroidetes.c__Bacteroidia.o__Bacteroidales.f__Rikenellaceae.g__Alistipes.s__Alistipes_finegoldii	Case_status	Case_status	0.868774674275869	0.449668355894023	724	574	0.0537483929801829	0.141976887117464
k__Bacteria.p__Firmicutes.c__Clostridia.o__Clostridiales.f__Ruminococcaceae.g__Ruminococcaceae_unclassified.s__Ruminococcaceae_bacterium_D5	total_seqs_scaled	total_seqs_scaled	0.230517819832787	0.11967878351298	724	199	0.0544816678135197	0.143014378010489
k__Bacteria.p__Firmicutes.c__Bacilli.o__Lactobacillales.f__Lactobacillaceae.g__Lactobacillus.s__Lactobacillus_rhamnosus	total_seqs_scaled	total_seqs_scaled	0.217657368575615	0.114646834889711	724	134	0.0580305437424441	0.151384027154202
k__Bacteria.p__Actinobacteria.c__Coriobacteriia.o__Coriobacteriales.f__Coriobacteriaceae.g__Enorma.s__Collinsella_massiliensis	age_scaled	age_scaled	0.207597291954278	0.109639415861019	724	357	0.0586991928593563	0.152183092598331
k__Bacteria.p__Firmicutes.c__Clostridia.o__Clostridiales.f__Clostridiales_unclassified.g__Monoglobus.s__Monoglobus_pectinilyticus	Case_status	Case_status	-0.805692687820651	0.427035285783456	724	287	0.0596022832902968	0.15357643547193
k__Bacteria.p__Firmicutes.c__Clostridia.o__Clostridiales.f__Lachnospiraceae.g__Fusicatenibacter.s__Fusicatenibacter_saccharivorans	age_scaled	age_scaled	-0.463682170683952	0.247509819305765	724	542	0.0614207119106376	0.157296945136999
k__Bacteria.p__Firmicutes.c__Bacilli.o__Lactobacillales.f__Lactobacillaceae.g__Lactobacillus.s__Lactobacillus_paragasseri	total_seqs_scaled	total_seqs_scaled	0.165629934519474	0.0886038291011702	724	57	0.0619835517809076	0.157776313624128
k__Bacteria.p__Firmicutes.c__Clostridia.o__Clostridiales.f__Ruminococcaceae.g__Ruminococcus.s__Ruminococcus_bicirculans	age_scaled	age_scaled	-0.400520150169392	0.21702169031547	724	241	0.0653719505549428	0.164408498401653
k__Bacteria.p__Proteobacteria.c__Gammaproteobacteria.o__Enterobacterales.f__Enterobacteriaceae.g__Escherichia.s__Escherichia_coli	Sex	Sex	0.698975410785019	0.378332046080281	724	390	0.0650832113146843	0.164408498401653
k__Bacteria.p__Bacteroidetes.c__Bacteroidia.o__Bacteroidales.f__Rikenellaceae.g__Alistipes.s__Alistipes_finegoldii	age_scaled	age_scaled	0.374657042855331	0.20429283180545	724	574	0.0670793522249283	0.167698380562321
k__Bacteria.p__Bacteroidetes.c__Bacteroidia.o__Bacteroidales.f__Prevotellaceae.g__Prevotella.s__Prevotella_copri	age_scaled	age_scaled	-0.369693882530066	0.202287569149126	724	260	0.0680295978917926	0.169067639731082
k__Bacteria.p__Firmicutes.c__Clostridia.o__Clostridiales.f__Clostridiales_unclassified.g__Monoglobus.s__Monoglobus_pectinilyticus	age_scaled	age_scaled	0.353611742732888	0.194010200339987	724	287	0.0687729268465313	0.169909583973783
k__Bacteria.p__Firmicutes.c__Clostridia.o__Clostridiales.f__Lachnospiraceae.g__Lachnoclostridium.s__Lachnoclostridium_sp_An131	Sex	Sex	-0.286134431266101	0.159458731683108	724	90	0.0731682312604008	0.179711445200984
k__Bacteria.p__Firmicutes.c__Negativicutes.o__Acidaminococcales.f__Acidaminococcaceae.g__Acidaminococcus.s__Acidaminococcus_intestini	collection_method	collection_method	4.92653868433845	2.75058728798572	724	208	0.073700580232942	0.179966533126951
k__Bacteria.p__Firmicutes.c__Bacilli.o__Lactobacillales.f__Streptococcaceae.g__Streptococcus.s__Streptococcus_anginosus_group	age_scaled	age_scaled	0.172601473185478	0.0968152757090899	724	141	0.075042619231745	0.18140923630796
k__Bacteria.p__Firmicutes.c__Clostridia.o__Clostridiales.f__Lachnospiraceae.g__Roseburia.s__Roseburia_faecis	total_seqs_scaled	total_seqs_scaled	0.43694216815845	0.245547523210998	724	448	0.0755871817949833	0.18140923630796
k__Bacteria.p__Firmicutes.c__Clostridia.o__Clostridiales.f__Ruminococcaceae.g__Harryflintia.s__Harryflintia_acetispora	age_scaled	age_scaled	0.200861692492562	0.112782240359539	724	190	0.0753401766214935	0.18140923630796
k__Bacteria.p__Bacteroidetes.c__Bacteroidia.o__Bacteroidales.f__Bacteroidaceae.g__Bacteroides.s__Bacteroides_faecis_CAG_32	Case_status	Case_status	0.431668376939384	0.245776119241571	724	96	0.0794553076461082	0.189609256882758
k__Bacteria.p__Bacteroidetes.c__Bacteroidia.o__Bacteroidales.f__Tannerellaceae.g__Parabacteroides.s__Parabacteroides_distasonis	Case_status	Case_status	0.754902675537346	0.430468175000276	724	630	0.0799123112148466	0.189622433391161
k__Bacteria.p__Firmicutes.c__Negativicutes.o__Acidaminococcales.f__Acidaminococcaceae.g__Acidaminococcus.s__Acidaminococcus_intestini	Case_status	Case_status	0.888796883019575	0.514639857256433	724	208	0.0845929127151634	0.199601254721172
k__Bacteria.p__Firmicutes.c__Clostridia.o__Clostridiales.f__Lachnospiraceae.g__Lachnoclostridium.s__Lachnoclostridium_sp_An131	age_scaled	age_scaled	0.131869675696733	0.0765121643326697	724	90	0.0852263770330453	0.199972504770274
k__Bacteria.p__Firmicutes.c__Clostridia.o__Clostridiales.f__Ruminococcaceae.g__Ruthenibacterium.s__Ruthenibacterium_lactatiformans	total_seqs_scaled	total_seqs_scaled	0.159287637209985	0.0933642076529043	724	707	0.0884239833728222	0.206322627869919
k__Bacteria.p__Firmicutes.c__Clostridia.o__Clostridiales.f__Eubacteriaceae.g__Eubacterium.s__Eubacterium_callanderi	Sex	Sex	-0.318961208489927	0.188258277499152	724	99	0.0906467862734808	0.210340609032386
k__Archaea.p__Euryarchaeota.c__Methanobacteria.o__Methanobacteriales.f__Methanobacteriaceae.g__Methanobrevibacter.s__Methanobrevibacter_smithii	Case_status	Case_status	0.749417747389692	0.444284619657373	724	247	0.0920768657971849	0.212422463747717
k__Bacteria.p__Firmicutes.c__Bacilli.o__Lactobacillales.f__Lactobacillaceae.g__Lactobacillus.s__Lactobacillus_reuteri	Case_status	Case_status	0.435327831243559	0.258459934352071	724	50	0.0925555020615054	0.212422463747717
k__Bacteria.p__Firmicutes.c__Bacilli.o__Lactobacillales.f__Streptococcaceae.g__Streptococcus.s__Streptococcus_infantis	total_seqs_scaled	total_seqs_scaled	0.100940193055957	0.0604104941933813	724	50	0.095176235343571	0.217250102414673
k__Bacteria.p__Firmicutes.c__Clostridia.o__Clostridiales.f__Clostridiaceae.g__Clostridium.s__Clostridium_sp_CAG_58	age_scaled	age_scaled	-0.303548605118173	0.182171289389126	724	462	0.0960935623137619	0.218158357685297
k__Bacteria.p__Firmicutes.c__Clostridia.o__Clostridiales.f__Eubacteriaceae.g__Eubacterium.s__Eubacterium_sp_CAG_38	Sex	Sex	0.661007304954308	0.397477330825848	724	306	0.0967475855762515	0.21846229001089
k__Bacteria.p__Firmicutes.c__Clostridia.o__Clostridiales.f__Ruminococcaceae.g__Faecalibacterium.s__Faecalibacterium_prausnitzii	total_seqs_scaled	total_seqs_scaled	0.285534481085527	0.175808660554593	724	663	0.104788946239563	0.23410296500328
k__Bacteria.p__Proteobacteria.c__Gammaproteobacteria.o__Enterobacterales.f__Enterobacteriaceae.g__Escherichia.s__Escherichia_coli	age_scaled	age_scaled	0.294964498981898	0.181532885508809	724	390	0.104632450520987	0.23410296500328
k__Bacteria.p__Firmicutes.c__Clostridia.o__Clostridiales.f__Ruminococcaceae.g__Ruminococcus.s__Ruminococcus_bicirculans	collection_method	collection_method	-4.12956258376515	2.553079587497	724	241	0.106213291259474	0.236029536132164
k__Bacteria.p__Firmicutes.c__Clostridia.o__Clostridiales.f__Lachnospiraceae.g__Lachnoclostridium.s__Lachnoclostridium_sp_An131	total_seqs_scaled	total_seqs_scaled	0.119338356499174	0.0748591215068043	724	90	0.111337467437702	0.246114401704394
k__Bacteria.p__Firmicutes.c__Clostridia.o__Clostridiales.f__Ruminococcaceae.g__Ruminococcaceae_unclassified.s__Clostridium_leptum	total_seqs_scaled	total_seqs_scaled	0.235803835094557	0.149187232444704	724	606	0.114412232457239	0.251587108021154
k__Bacteria.p__Firmicutes.c__Bacilli.o__Lactobacillales.f__Streptococcaceae.g__Streptococcus.s__Streptococcus_sp_A12	Sex	Sex	0.18335791726472	0.117602726518721	724	58	0.11940629944053	0.26120128002616
k__Bacteria.p__Firmicutes.c__Clostridia.o__Clostridiales.f__Lachnospiraceae.g__Anaerostipes.s__Anaerostipes_hadrus	age_scaled	age_scaled	-0.316990101060501	0.205122388810026	724	524	0.12269727720915	0.266043565411884
k__Bacteria.p__Firmicutes.c__Negativicutes.o__Veillonellales.f__Veillonellaceae.g__Veillonella.s__Veillonella_dispar	Sex	Sex	0.192576858125857	0.124678537953353	724	87	0.12288678973787	0.266043565411884
k__Bacteria.p__Firmicutes.c__Clostridia.o__Clostridiales.f__Lachnospiraceae.g__Roseburia.s__Roseburia_inulinivorans	collection_method	collection_method	3.75989010959286	2.43983246007396	724	421	0.123746569496494	0.266531072761679
k__Bacteria.p__Bacteroidetes.c__Bacteroidia.o__Bacteroidales.f__Tannerellaceae.g__Parabacteroides.s__Parabacteroides_distasonis	total_seqs_scaled	total_seqs_scaled	0.291279703088435	0.191344547028041	724	630	0.128379570235004	0.273702637049246
k__Bacteria.p__Firmicutes.c__Clostridia.o__Clostridiales.f__Lachnospiraceae.g__Fusicatenibacter.s__Fusicatenibacter_saccharivorans	total_seqs_scaled	total_seqs_scaled	0.369146976685635	0.242162377696928	724	542	0.127854659614535	0.273702637049246
k__Bacteria.p__Actinobacteria.c__Coriobacteriia.o__Coriobacteriales.f__Coriobacteriaceae.g__Enorma.s__Collinsella_massiliensis	collection_method	collection_method	1.95991786978484	1.2898164889093	724	357	0.129068760965132	0.273782220229067
k__Bacteria.p__Firmicutes.c__Clostridia.o__Clostridiales.f__Lachnospiraceae.g__Eisenbergiella.s__Eisenbergiella_tayi	collection_method	collection_method	2.66085371265986	1.76598492182301	724	366	0.132320970211405	0.279270389390906
k__Bacteria.p__Actinobacteria.c__Actinobacteria.o__Micrococcales.f__Micrococcaceae.g__Rothia.s__Rothia_mucilaginosa	total_seqs_scaled	total_seqs_scaled	0.193723231547529	0.129735898165371	724	241	0.135820921789254	0.285223935757434
k__Bacteria.p__Actinobacteria.c__Actinobacteria.o__Actinomycetales.f__Actinomycetaceae.g__Actinomyces.s__Actinomyces_sp_HPA0247	age_scaled	age_scaled	0.168667757501195	0.113312726788831	724	157	0.137054045773064	0.286381588182521
k__Bacteria.p__Firmicutes.c__Bacilli.o__Lactobacillales.f__Lactobacillaceae.g__Lactobacillus.s__Lactobacillus_fermentum	collection_method	collection_method	2.60994037351677	1.76617159817052	724	141	0.139916196605459	0.290914864229173
k__Bacteria.p__Firmicutes.c__Clostridia.o__Clostridiales.f__Lachnospiraceae.g__Lachnoclostridium.s__Lachnoclostridium_sp_An131	collection_method	collection_method	1.32093248636766	0.90010194220218	724	90	0.142668050497375	0.29517527689112
k__Bacteria.p__Actinobacteria.c__Actinobacteria.o__Actinomycetales.f__Actinomycetaceae.g__Actinomyces.s__Actinomyces_sp_HPA0247	total_seqs_scaled	total_seqs_scaled	0.161314827720624	0.110864609006107	724	157	0.146089270354209	0.29988567253325
k__Bacteria.p__Firmicutes.c__Bacilli.o__Lactobacillales.f__Streptococcaceae.g__Streptococcus.s__Streptococcus_vestibularis	collection_method	collection_method	-2.06739885867365	1.4243517627127	724	245	0.147086782242499	0.29988567253325
k__Bacteria.p__Firmicutes.c__Clostridia.o__Clostridiales.f__Clostridiales_unclassified.g__Monoglobus.s__Monoglobus_pectinilyticus	Sex	Sex	-0.586911395334223	0.404335973888932	724	287	0.147065264044515	0.29988567253325
k__Bacteria.p__Firmicutes.c__Clostridia.o__Clostridiales.f__Ruminococcaceae.g__Ruminococcus.s__Ruminococcus_lactaris	collection_method	collection_method	-2.4635627676844	1.72744577842561	724	203	0.154265367907734	0.313002195754822
k__Bacteria.p__Actinobacteria.c__Actinobacteria.o__Bifidobacteriales.f__Bifidobacteriaceae.g__Bifidobacterium.s__Bifidobacterium_gallinarum	total_seqs_scaled	total_seqs_scaled	0.0742652443497751	0.0529997118304071	724	45	0.161574798418422	0.326256804498737
k__Bacteria.p__Firmicutes.c__Clostridia.o__Clostridiales.f__Christensenellaceae.g__Christensenella.s__Christensenella_minuta	total_seqs_scaled	total_seqs_scaled	0.130892706127054	0.0947830768632811	724	99	0.167717460091891	0.337039871954997
k__Bacteria.p__Firmicutes.c__Bacilli.o__Lactobacillales.f__Lactobacillaceae.g__Lactobacillus.s__Lactobacillus_gasseri	total_seqs_scaled	total_seqs_scaled	0.0877519249356685	0.0637524484490039	724	56	0.169112089319962	0.338224178639923
k__Bacteria.p__Firmicutes.c__Clostridia.o__Clostridiales.f__Clostridiales_unclassified.g__Monoglobus.s__Monoglobus_pectinilyticus	collection_method	collection_method	-3.10374443292202	2.28236855742024	724	287	0.174295153934549	0.346938221101945
k__Bacteria.p__Actinobacteria.c__Actinobacteria.o__Bifidobacteriales.f__Bifidobacteriaceae.g__Bifidobacterium.s__Bifidobacterium_dentium	total_seqs_scaled	total_seqs_scaled	0.215259065049479	0.160758844826518	724	243	0.180988409905201	0.358561944151813
k__Bacteria.p__Firmicutes.c__Clostridia.o__Clostridiales.f__Ruminococcaceae.g__Harryflintia.s__Harryflintia_acetispora	collection_method	collection_method	-1.77275554711338	1.32678920376833	724	190	0.181931889002455	0.358738936061178
k__Bacteria.p__Firmicutes.c__Clostridia.o__Clostridiales.f__Eubacteriaceae.g__Eubacterium.s__Eubacterium_eligens	age_scaled	age_scaled	0.253186516889183	0.190163782880897	724	366	0.183475734097727	0.35989504305423
k__Bacteria.p__Firmicutes.c__Clostridia.o__Clostridiales.f__Lachnospiraceae.g__Roseburia.s__Roseburia_inulinivorans	total_seqs_scaled	total_seqs_scaled	0.269696814691621	0.202914476707014	724	421	0.18423198632538	0.35989504305423
k__Bacteria.p__Firmicutes.c__Bacilli.o__Lactobacillales.f__Enterococcaceae.g__Enterococcus.s__Enterococcus_avium	total_seqs_scaled	total_seqs_scaled	0.104388595662196	0.0794414448525919	724	54	0.189255113619989	0.366300219909657
k__Bacteria.p__Firmicutes.c__Clostridia.o__Clostridiales.f__Christensenellaceae.g__Christensenella.s__Christensenella_minuta	age_scaled	age_scaled	0.12748268955126	0.0968760814573579	724	99	0.188615624679803	0.366300219909657
k__Bacteria.p__Firmicutes.c__Negativicutes.o__Veillonellales.f__Veillonellaceae.g__Dialister.s__Dialister_invisus	collection_method	collection_method	-2.17968317857009	1.66400135010166	724	184	0.190647018223168	0.367301594741884
k__Bacteria.p__Firmicutes.c__Clostridia.o__Clostridiales.f__Lachnospiraceae.g__Blautia.s__Blautia_hansenii	total_seqs_scaled	total_seqs_scaled	-0.187085274527643	0.146554953242661	724	137	0.202172565970917	0.387728208711348
k__Bacteria.p__Actinobacteria.c__Actinobacteria.o__Actinomycetales.f__Actinomycetaceae.g__Actinomyces.s__Actinomyces_sp_ICM47	Sex	Sex	0.334652110504126	0.264672439762153	724	216	0.206496397637105	0.390668860394522
k__Bacteria.p__Actinobacteria.c__Actinobacteria.o__Bifidobacteriales.f__Bifidobacteriaceae.g__Bifidobacterium.s__Bifidobacterium_gallinarum	age_scaled	age_scaled	-0.0685902031298815	0.0541700540899836	724	45	0.205851603890501	0.390668860394522
k__Bacteria.p__Proteobacteria.c__Gammaproteobacteria.o__Enterobacterales.f__Enterobacteriaceae.g__Klebsiella.s__Klebsiella_quasipneumoniae	total_seqs_scaled	total_seqs_scaled	0.124399757245406	0.0981444894582613	724	127	0.205381593507371	0.390668860394522
k__Bacteria.p__Firmicutes.c__Erysipelotrichia.o__Erysipelotrichales.f__Erysipelotrichaceae.g__Coprobacillus.s__Coprobacillus_cateniformis	collection_method	collection_method	1.50902098211804	1.20302350472433	724	94	0.210120456047568	0.395742562959546
k__Bacteria.p__Firmicutes.c__Bacilli.o__Lactobacillales.f__Lactobacillaceae.g__Lactobacillus.s__Lactobacillus_fermentum	total_seqs_scaled	total_seqs_scaled	0.183452263779872	0.146887866885211	724	141	0.212098706472571	0.397685074636071
k__Bacteria.p__Firmicutes.c__Clostridia.o__Clostridiales.f__Lachnospiraceae.g__Roseburia.s__Roseburia_faecis	Sex	Sex	0.649375422194292	0.523045098994322	724	448	0.214815985917772	0.400989840379841
k__Bacteria.p__Actinobacteria.c__Actinobacteria.o__Bifidobacteriales.f__Bifidobacteriaceae.g__Bifidobacterium.s__Bifidobacterium_longum	age_scaled	age_scaled	-0.26452710260341	0.214091253723939	724	575	0.217018432402431	0.403308591190358
k__Bacteria.p__Firmicutes.c__Clostridia.o__Clostridiales.f__Eubacteriaceae.g__Eubacterium.s__Eubacterium_ramulus	age_scaled	age_scaled	-0.215287844382945	0.175215141515807	724	253	0.219584729470933	0.406280116201726
k__Bacteria.p__Firmicutes.c__Bacilli.o__Lactobacillales.f__Streptococcaceae.g__Streptococcus.s__Streptococcus_mitis	total_seqs_scaled	total_seqs_scaled	0.108394415323409	0.0890896916645555	724	115	0.224122495109387	0.412857227833082
k__Bacteria.p__Firmicutes.c__Bacilli.o__Lactobacillales.f__Lactobacillaceae.g__Lactobacillus.s__Lactobacillus_salivarius	total_seqs_scaled	total_seqs_scaled	0.13110342667321	0.107994970182144	724	84	0.225155600399415	0.412949136103731
k__Bacteria.p__Actinobacteria.c__Actinobacteria.o__Bifidobacteriales.f__Bifidobacteriaceae.g__Bifidobacterium.s__Bifidobacterium_pullorum	total_seqs_scaled	total_seqs_scaled	0.107856127790699	0.0896993543568307	724	64	0.229597962770915	0.419265845059931
k__Bacteria.p__Bacteroidetes.c__Bacteroidia.o__Bacteroidales.f__Prevotellaceae.g__Prevotella.s__Prevotella_copri	collection_method	collection_method	-2.75426060958488	2.37974491327702	724	260	0.247503487062171	0.450006340113039
k__Bacteria.p__Firmicutes.c__Negativicutes.o__Veillonellales.f__Veillonellaceae.g__Megasphaera.s__Megasphaera_sp_DISK_18	Sex	Sex	0.239667864419419	0.209468254627775	724	59	0.252933304612511	0.457896499729545
k__Bacteria.p__Actinobacteria.c__Actinobacteria.o__Bifidobacteriales.f__Bifidobacteriaceae.g__Bifidobacterium.s__Bifidobacterium_longum	total_seqs_scaled	total_seqs_scaled	-0.23699718746211	0.209465819139313	724	575	0.258249340569395	0.465513832786034
k__Bacteria.p__Firmicutes.c__Clostridia.o__Clostridiales.f__Lachnospiraceae.g__Roseburia.s__Roseburia_intestinalis	age_scaled	age_scaled	-0.260362385105788	0.232331441129323	724	464	0.262811276745729	0.471712548005154
k__Bacteria.p__Firmicutes.c__Clostridia.o__Clostridiales.f__Ruminococcaceae.g__Ruminococcaceae_unclassified.s__Clostridium_leptum	Sex	Sex	-0.353630937430418	0.317786348411574	724	606	0.266169070119472	0.475706423192247
k__Bacteria.p__Firmicutes.c__Clostridia.o__Clostridiales.f__Clostridiaceae.g__Clostridium.s__Clostridium_sp_CAG_299	Sex	Sex	0.320038788898117	0.28864777202683	724	120	0.267908434376352	0.476786196771474
k__Bacteria.p__Firmicutes.c__Erysipelotrichia.o__Erysipelotrichales.f__Erysipelotrichaceae.g__Turicibacter.s__Turicibacter_sanguinis	total_seqs_scaled	total_seqs_scaled	0.138587347589093	0.127009002296763	724	129	0.27556780307333	0.488348005446407
k__Archaea.p__Euryarchaeota.c__Thermoplasmata.o__Methanomassiliicoccales.f__Methanomassiliicoccaceae.g__Methanomassiliicoccus.s__Candidatus_Methanomassiliicoccus_intestinalis	age_scaled	age_scaled	0.0790675347714232	0.0737247294430763	724	54	0.283869467832163	0.498187910816236
k__Bacteria.p__Firmicutes.c__Bacilli.o__Lactobacillales.f__Lactobacillaceae.g__Lactobacillus.s__Lactobacillus_reuteri	age_scaled	age_scaled	0.125588321860129	0.117423232488878	724	50	0.285187838335469	0.498187910816236
k__Bacteria.p__Synergistetes.c__Synergistia.o__Synergistales.f__Synergistaceae.g__Cloacibacillus.s__Cloacibacillus_evryensis	total_seqs_scaled	total_seqs_scaled	0.113552987944977	0.106233893526284	724	131	0.2854757394822	0.498187910816236
k__Bacteria.p__Synergistetes.c__Synergistia.o__Synergistales.f__Synergistaceae.g__Cloacibacillus.s__Cloacibacillus_evryensis	age_scaled	age_scaled	0.115966668816702	0.10857975562061	724	131	0.285864967873126	0.498187910816236
k__Bacteria.p__Firmicutes.c__Clostridia.o__Clostridiales.f__Ruminococcaceae.g__Ruminococcus.s__Ruminococcus_lactaris	age_scaled	age_scaled	-0.156043708769877	0.146839606801991	724	203	0.288283774644955	0.500327212193723
k__Bacteria.p__Proteobacteria.c__Gammaproteobacteria.o__Enterobacterales.f__Enterobacteriaceae.g__Escherichia.s__Escherichia_coli	total_seqs_scaled	total_seqs_scaled	0.186472619324208	0.17761087341222	724	390	0.294120022657856	0.508355594717283
k__Bacteria.p__Firmicutes.c__Clostridia.o__Clostridiales.f__Lachnospiraceae.g__Blautia.s__Blautia_wexlerae	collection_method	collection_method	-2.22015394241378	2.12556396232088	724	647	0.296605125159239	0.510549805601968
k__Bacteria.p__Actinobacteria.c__Actinobacteria.o__Bifidobacteriales.f__Bifidobacteriaceae.g__Bifidobacterium.s__Bifidobacterium_bifidum	total_seqs_scaled	total_seqs_scaled	0.226356001309352	0.220448512329221	724	207	0.30486157386664	0.520495370016215
k__Bacteria.p__Firmicutes.c__Clostridia.o__Clostridiales.f__Lachnospiraceae.g__Blautia.s__Blautia_hansenii	collection_method	collection_method	-1.81054222576819	1.76216866292077	724	137	0.304554078391317	0.520495370016215
k__Bacteria.p__Bacteroidetes.c__Bacteroidia.o__Bacteroidales.f__Tannerellaceae.g__Parabacteroides.s__Parabacteroides_distasonis	age_scaled	age_scaled	-0.198537766309488	0.19556982678509	724	630	0.31036396849573	0.524643277310903
k__Bacteria.p__Firmicutes.c__Clostridia.o__Clostridiales.f__Clostridiaceae.g__Hungatella.s__Hungatella_hathewayi	age_scaled	age_scaled	0.165777005702186	0.162911113857943	724	362	0.309214769851562	0.524643277310903
k__Bacteria.p__Firmicutes.c__Erysipelotrichia.o__Erysipelotrichales.f__Erysipelotrichaceae.g__Coprobacillus.s__Coprobacillus_cateniformis	total_seqs_scaled	total_seqs_scaled	0.101429089665052	0.100052314624905	724	94	0.31103851440575	0.524643277310903
k__Archaea.p__Euryarchaeota.c__Methanobacteria.o__Methanobacteriales.f__Methanobacteriaceae.g__Methanobrevibacter.s__Methanobrevibacter_smithii	collection_method	collection_method	2.37868842328579	2.37456079206906	724	247	0.316807491566721	0.529715207487611
k__Bacteria.p__Actinobacteria.c__Actinobacteria.o__Actinomycetales.f__Actinomycetaceae.g__Actinomyces.s__Actinomyces_sp_oral_taxon_448	age_scaled	age_scaled	0.0748348306346065	0.0745448415857205	724	61	0.315769771851734	0.529715207487611
k__Bacteria.p__Actinobacteria.c__Actinobacteria.o__Bifidobacteriales.f__Bifidobacteriaceae.g__Bifidobacterium.s__Bifidobacterium_saeculare	Sex	Sex	0.11807675424482	0.118121133093324	724	39	0.317829124492567	0.529715207487611
k__Bacteria.p__Firmicutes.c__Bacilli.o__Lactobacillales.f__Lactobacillaceae.g__Lactobacillus.s__Lactobacillus_fermentum	Sex	Sex	0.307548041460464	0.312888429381636	724	141	0.325972012656036	0.539008839824942
k__Bacteria.p__Firmicutes.c__Negativicutes.o__Veillonellales.f__Veillonellaceae.g__Veillonella.s__Veillonella_dispar	total_seqs_scaled	total_seqs_scaled	0.0576519173822677	0.0585312934790479	724	87	0.324967667913239	0.539008839824942
k__Bacteria.p__Firmicutes.c__Negativicutes.o__Acidaminococcales.f__Acidaminococcaceae.g__Acidaminococcus.s__Acidaminococcus_intestini	age_scaled	age_scaled	-0.228655504034325	0.233810612689961	724	208	0.328427559025174	0.540939508982639
k__Archaea.p__Euryarchaeota.c__Thermoplasmata.o__Methanomassiliicoccales.f__Methanomassiliicoccaceae.g__Methanomassiliicoccus.s__Candidatus_Methanomassiliicoccus_intestinalis	collection_method	collection_method	0.841161058561723	0.867310090347405	724	54	0.332447642243985	0.545421913056538
k__Bacteria.p__Synergistetes.c__Synergistia.o__Synergistales.f__Synergistaceae.g__Cloacibacillus.s__Cloacibacillus_evryensis	Sex	Sex	0.218551364424927	0.226290685523472	724	131	0.334469847879259	0.546604420658711
k__Bacteria.p__Synergistetes.c__Synergistia.o__Synergistales.f__Synergistaceae.g__Cloacibacillus.s__Cloacibacillus_evryensis	collection_method	collection_method	-1.22872117633864	1.27735046799897	724	131	0.3364088226663	0.547642269456767
k__Bacteria.p__Actinobacteria.c__Actinobacteria.o__Actinomycetales.f__Actinomycetaceae.g__Actinomyces.s__Actinomyces_sp_oral_taxon_448	total_seqs_scaled	total_seqs_scaled	0.0693890884865954	0.0729343027039191	724	61	0.341725729677664	0.554149831909726
k__Bacteria.p__Firmicutes.c__Clostridia.o__Clostridiales.f__Eubacteriaceae.g__Eubacterium.s__Eubacterium_limosum	Sex	Sex	-0.206088935171021	0.21777377085647	724	104	0.344291446343092	0.556163105631149
k__Bacteria.p__Bacteroidetes.c__Bacteroidia.o__Bacteroidales.f__Rikenellaceae.g__Alistipes.s__Alistipes_indistinctus	collection_method	collection_method	-2.10699598170378	2.23505490786599	724	306	0.346149229277186	0.557021748262138
k__Bacteria.p__Firmicutes.c__Clostridia.o__Clostridiales.f__Eubacteriaceae.g__Eubacterium.s__Eubacterium_hallii	collection_method	collection_method	1.80346292296006	1.97344077604306	724	507	0.361093370491609	0.578851967963648
k__Bacteria.p__Actinobacteria.c__Actinobacteria.o__Bifidobacteriales.f__Bifidobacteriaceae.g__Bifidobacterium.s__Bifidobacterium_pullorum	age_scaled	age_scaled	-0.083230208855833	0.0916800999389284	724	64	0.364271118287853	0.581725740231552
k__Bacteria.p__Firmicutes.c__Bacilli.o__Lactobacillales.f__Streptococcaceae.g__Streptococcus.s__Streptococcus_infantis	age_scaled	age_scaled	0.0557042034370131	0.0617444817158541	724	50	0.367267522574865	0.582190748446427
k__Bacteria.p__Firmicutes.c__Negativicutes.o__Veillonellales.f__Veillonellaceae.g__Veillonella.s__Veillonella_dispar	age_scaled	age_scaled	0.0539638378116194	0.0598237843983458	724	87	0.367334638900721	0.582190748446427
k__Bacteria.p__Firmicutes.c__Clostridia.o__Clostridiales.f__Ruminococcaceae.g__Ruminococcaceae_unclassified.s__Clostridium_leptum	collection_method	collection_method	-1.60982707199611	1.79381904265389	724	606	0.369790310636813	0.5838794378476
k__Bacteria.p__Firmicutes.c__Clostridia.o__Clostridiales.f__Christensenellaceae.g__Christensenella.s__Christensenella_minuta	Sex	Sex	-0.178422312928922	0.201899099500755	724	99	0.377143075781457	0.59325877089218
k__Bacteria.p__Firmicutes.c__Clostridia.o__Clostridiales.f__Eubacteriaceae.g__Eubacterium.s__Eubacterium_limosum	age_scaled	age_scaled	0.091192475832059	0.104493133535192	724	104	0.383111495405082	0.600398612201995
k__Bacteria.p__Firmicutes.c__Bacilli.o__Lactobacillales.f__Lactobacillaceae.g__Lactobacillus.s__Lactobacillus_gasseri	Sex	Sex	0.11675111880816	0.13580021200819	724	56	0.390226462039447	0.608772292720554
k__Bacteria.p__Firmicutes.c__Erysipelotrichia.o__Erysipelotrichales.f__Erysipelotrichaceae.g__Erysipelatoclostridium.s__Clostridium_innocuum	total_seqs_scaled	total_seqs_scaled	0.137184829059204	0.159948136218286	724	533	0.391353616748928	0.608772292720554
k__Bacteria.p__Actinobacteria.c__Actinobacteria.o__Bifidobacteriales.f__Bifidobacteriaceae.g__Bifidobacterium.s__Bifidobacterium_dentium	collection_method	collection_method	1.65116096043664	1.93295547078221	724	243	0.393270380849614	0.609496531206045
k__Bacteria.p__Actinobacteria.c__Actinobacteria.o__Bifidobacteriales.f__Bifidobacteriaceae.g__Scardovia.s__Scardovia_wiggsiae	total_seqs_scaled	total_seqs_scaled	0.058674140282496	0.0693518278831907	724	55	0.397814550192019	0.614272467208265
k__Archaea.p__Euryarchaeota.c__Methanobacteria.o__Methanobacteriales.f__Methanobacteriaceae.g__Methanobrevibacter.s__Methanobrevibacter_smithii	total_seqs_scaled	total_seqs_scaled	0.166532873086133	0.197486003000828	724	247	0.39936154228966	0.614402372753323
k__Bacteria.p__Actinobacteria.c__Actinobacteria.o__Micrococcales.f__Micrococcaceae.g__Rothia.s__Rothia_mucilaginosa	collection_method	collection_method	1.30733495308031	1.55993727366117	724	241	0.402270888540683	0.616619610171849
k__Bacteria.p__Firmicutes.c__Clostridia.o__Clostridiales.f__Christensenellaceae.g__Christensenella.s__Christensenella_minuta	collection_method	collection_method	-0.939807780533984	1.13966648092154	724	99	0.409853251547776	0.625957693272966
k__Bacteria.p__Firmicutes.c__Clostridia.o__Clostridiales.f__Lachnospiraceae.g__Blautia.s__Blautia_wexlerae	total_seqs_scaled	total_seqs_scaled	-0.14529613153654	0.176777588699083	724	647	0.411398185345929	0.626040716830761
k__Bacteria.p__Actinobacteria.c__Actinobacteria.o__Actinomycetales.f__Actinomycetaceae.g__Actinomyces.s__Actinomyces_naeslundii	collection_method	collection_method	-0.769703454387144	0.957722017635845	724	96	0.421846935833835	0.635038398029429
k__Bacteria.p__Firmicutes.c__Bacilli.o__Lactobacillales.f__Enterococcaceae.g__Enterococcus.s__Enterococcus_faecium	Sex	Sex	0.14283346705408	0.177576184811713	724	74	0.421460903475504	0.635038398029429
k__Bacteria.p__Firmicutes.c__Negativicutes.o__Veillonellales.f__Veillonellaceae.g__Megasphaera.s__Megasphaera_sp_MJR8396C	Sex	Sex	0.249351678158335	0.308556979740376	724	99	0.419288023662987	0.635038398029429
k__Bacteria.p__Bacteroidetes.c__Bacteroidia.o__Bacteroidales.f__Rikenellaceae.g__Alistipes.s__Alistipes_finegoldii	collection_method	collection_method	1.91931722252251	2.40333515970809	724	574	0.424783138712846	0.637174708069269
k__Bacteria.p__Firmicutes.c__Bacilli.o__Lactobacillales.f__Enterococcaceae.g__Enterococcus.s__Enterococcus_avium	age_scaled	age_scaled	-0.0638458783096284	0.0811956747693566	724	54	0.431938784726985	0.643383098624077
k__Bacteria.p__Firmicutes.c__Negativicutes.o__Veillonellales.f__Veillonellaceae.g__Dialister.s__Dialister_invisus	Sex	Sex	-0.231774627613884	0.294788326038953	724	184	0.431985794790452	0.643383098624077
k__Bacteria.p__Actinobacteria.c__Actinobacteria.o__Bifidobacteriales.f__Bifidobacteriaceae.g__Bifidobacterium.s__Bifidobacterium_longum	collection_method	collection_method	1.97331378480424	2.51860543962073	724	575	0.433595083532241	0.643498003828768
k__Bacteria.p__Bacteroidetes.c__Bacteroidia.o__Bacteroidales.f__Rikenellaceae.g__Alistipes.s__Alistipes_finegoldii	Sex	Sex	0.331822458833829	0.425765969839883	724	574	0.436027947269451	0.644830062863272
k__Bacteria.p__Bacteroidetes.c__Bacteroidia.o__Bacteroidales.f__Porphyromonadaceae.g__Porphyromonas.s__Porphyromonas_asaccharolytica	age_scaled	age_scaled	0.0843763633947139	0.109907266333162	724	59	0.442914825098634	0.652060094845657
k__Bacteria.p__Firmicutes.c__Clostridia.o__Clostridiales.f__Clostridiaceae.g__Hungatella.s__Hungatella_hathewayi	collection_method	collection_method	1.46774709293233	1.91651368470363	724	362	0.444021874109185	0.652060094845657
k__Bacteria.p__Firmicutes.c__Clostridia.o__Clostridiales.f__Lachnospiraceae.g__Lachnospiraceae_unclassified.s__Eubacterium_rectale	total_seqs_scaled	total_seqs_scaled	0.162874297765614	0.21919233941095	724	596	0.457684987515323	0.66978290855901
k__Bacteria.p__Firmicutes.c__Bacilli.o__Lactobacillales.f__Lactobacillaceae.g__Lactobacillus.s__Lactobacillus_salivarius	Sex	Sex	-0.169814155605969	0.230041985889916	724	84	0.460641621763249	0.671769031738072
k__Bacteria.p__Firmicutes.c__Clostridia.o__Clostridiales.f__Eubacteriaceae.g__Eubacterium.s__Eubacterium_limosum	collection_method	collection_method	0.900051698137385	1.22927475993066	724	104	0.464296987270634	0.674756867313724
k__Bacteria.p__Actinobacteria.c__Actinobacteria.o__Bifidobacteriales.f__Bifidobacteriaceae.g__Bifidobacterium.s__Bifidobacterium_gallinarum	Sex	Sex	0.0810890345704611	0.112895618569058	724	45	0.472827213224418	0.684784239842261
k__Bacteria.p__Firmicutes.c__Bacilli.o__Lactobacillales.f__Streptococcaceae.g__Streptococcus.s__Streptococcus_vestibularis	Sex	Sex	-0.179839255832143	0.252332891313493	724	245	0.476259027520939	0.685030108078063
k__Bacteria.p__Firmicutes.c__Clostridia.o__Clostridiales.f__Lachnospiraceae.g__Fusicatenibacter.s__Fusicatenibacter_saccharivorans	collection_method	collection_method	2.0788552141414	2.91174705374402	724	542	0.475487269495811	0.685030108078063
k__Bacteria.p__Firmicutes.c__Bacilli.o__Lactobacillales.f__Enterococcaceae.g__Enterococcus.s__Enterococcus_faecium	collection_method	collection_method	-0.711335452381986	1.00237012517771	724	74	0.47814943380097	0.685401918759069
k__Bacteria.p__Firmicutes.c__Clostridia.o__Clostridiales.f__Eubacteriaceae.g__Eubacterium.s__Eubacterium_callanderi	total_seqs_scaled	total_seqs_scaled	-0.0624738213813929	0.0883792886173042	724	99	0.47986849752655	0.685526425037929
k__Bacteria.p__Actinobacteria.c__Coriobacteriia.o__Coriobacteriales.f__Coriobacteriaceae.g__Enorma.s__Enorma_massiliensis	collection_method	collection_method	0.961554650532365	1.39911929910683	724	166	0.492142659731563	0.694844037816076
k__Bacteria.p__Firmicutes.c__Bacilli.o__Lactobacillales.f__Streptococcaceae.g__Streptococcus.s__Streptococcus_australis	age_scaled	age_scaled	0.0516030007494777	0.0750022641325363	724	86	0.491662875676071	0.694844037816076
k__Bacteria.p__Firmicutes.c__Clostridia.o__Clostridiales.f__Lachnospiraceae.g__Lachnoclostridium.s__Clostridium_hylemonae	age_scaled	age_scaled	0.0340432577049484	0.0494530051002503	724	39	0.491425707828307	0.694844037816076
k__Bacteria.p__Firmicutes.c__Negativicutes.o__Veillonellales.f__Veillonellaceae.g__Megasphaera.s__Megasphaera_sp_MJR8396C	total_seqs_scaled	total_seqs_scaled	-0.0993531726597421	0.144854434713933	724	99	0.493008388736168	0.694844037816076
k__Bacteria.p__Actinobacteria.c__Actinobacteria.o__Actinomycetales.f__Actinomycetaceae.g__Actinomyces.s__Actinomyces_sp_HPA0247	collection_method	collection_method	0.901162323779464	1.33302993515375	724	157	0.499242095953686	0.694869828019792
k__Bacteria.p__Actinobacteria.c__Actinobacteria.o__Bifidobacteriales.f__Bifidobacteriaceae.g__Bifidobacterium.s__Bifidobacterium_pullorum	collection_method	collection_method	-0.726486558579004	1.07854008230014	724	64	0.500793056808112	0.694869828019792
k__Bacteria.p__Firmicutes.c__Bacilli.o__Lactobacillales.f__Streptococcaceae.g__Streptococcus.s__Streptococcus_infantis	collection_method	collection_method	-0.489022236700418	0.726372445446258	724	50	0.501011909324365	0.694869828019792
k__Bacteria.p__Firmicutes.c__Clostridia.o__Clostridiales.f__Clostridiaceae.g__Clostridium.s__Clostridium_sp_CAG_299	total_seqs_scaled	total_seqs_scaled	0.0912877263456394	0.135507904840019	724	120	0.500737393238821	0.694869828019792
k__Bacteria.p__Firmicutes.c__Clostridia.o__Clostridiales.f__Lachnospiraceae.g__Roseburia.s__Roseburia_faecis	age_scaled	age_scaled	0.168849291771297	0.250969715770606	724	448	0.501298947357135	0.694869828019792
k__Bacteria.p__Firmicutes.c__Bacilli.o__Lactobacillales.f__Enterococcaceae.g__Enterococcus.s__Enterococcus_faecium	total_seqs_scaled	total_seqs_scaled	0.0548772213812604	0.0833644984832333	724	74	0.510568935866152	0.698966489558795
k__Bacteria.p__Firmicutes.c__Bacilli.o__Lactobacillales.f__Streptococcaceae.g__Streptococcus.s__Streptococcus_anginosus_group	collection_method	collection_method	0.749142249026716	1.13895115189392	724	141	0.510911219748929	0.698966489558795
k__Bacteria.p__Firmicutes.c__Bacilli.o__Lactobacillales.f__Streptococcaceae.g__Streptococcus.s__Streptococcus_sp_A12	collection_method	collection_method	-0.440232268462036	0.663835974552569	724	58	0.507438228394893	0.698966489558795
k__Bacteria.p__Firmicutes.c__Negativicutes.o__Veillonellales.f__Veillonellaceae.g__Dialister.s__Dialister_invisus	total_seqs_scaled	total_seqs_scaled	0.0913813757484705	0.138390634898516	724	184	0.509263650338095	0.698966489558795
k__Bacteria.p__Actinobacteria.c__Actinobacteria.o__Actinomycetales.f__Actinomycetaceae.g__Actinomyces.s__Actinomyces_sp_ICM47	collection_method	collection_method	-0.977913852592285	1.49400521729184	724	216	0.512961649440749	0.699493158328295
k__Bacteria.p__Firmicutes.c__Bacilli.o__Lactobacillales.f__Lactobacillaceae.g__Lactobacillus.s__Lactobacillus_paragasseri	collection_method	collection_method	-0.670824837314662	1.06536754713671	724	57	0.529113983663075	0.719184055464373
k__Bacteria.p__Actinobacteria.c__Actinobacteria.o__Actinomycetales.f__Actinomycetaceae.g__Actinomyces.s__Actinomyces_sp_oral_taxon_448	collection_method	collection_method	-0.544386802549591	0.876958027232422	724	61	0.534949787198828	0.722440227085233
k__Bacteria.p__Firmicutes.c__Bacilli.o__Lactobacillales.f__Streptococcaceae.g__Streptococcus.s__Streptococcus_australis	Sex	Sex	0.0973918832628041	0.156311954004274	724	86	0.533442283380751	0.722440227085233
k__Bacteria.p__Actinobacteria.c__Actinobacteria.o__Actinomycetales.f__Actinomycetaceae.g__Actinomyces.s__Actinomyces_oris	collection_method	collection_method	0.943013901861358	1.56450489333325	724	345	0.546861691191567	0.733808020129259
k__Bacteria.p__Firmicutes.c__Bacilli.o__Lactobacillales.f__Streptococcaceae.g__Streptococcus.s__Streptococcus_mitis	Sex	Sex	-0.114763797365835	0.18977151952789	724	115	0.545538034174633	0.733808020129259
k__Bacteria.p__Firmicutes.c__Bacilli.o__Lactobacillales.f__Enterococcaceae.g__Enterococcus.s__Enterococcus_avium	collection_method	collection_method	-0.565688741563678	0.955199545010235	724	54	0.553889393414769	0.73448416677967
k__Bacteria.p__Firmicutes.c__Bacilli.o__Lactobacillales.f__Lactobacillaceae.g__Lactobacillus.s__Lactobacillus_gasseri	collection_method	collection_method	-0.456630793666842	0.766555918825161	724	56	0.55156910245385	0.73448416677967
k__Bacteria.p__Firmicutes.c__Bacilli.o__Lactobacillales.f__Lactobacillaceae.g__Lactobacillus.s__Lactobacillus_paragasseri	age_scaled	age_scaled	0.0535679497943184	0.0905603832403552	724	57	0.554360668736084	0.73448416677967
k__Bacteria.p__Firmicutes.c__Bacilli.o__Lactobacillales.f__Streptococcaceae.g__Streptococcus.s__Streptococcus_anginosus_group	Sex	Sex	-0.120288818732157	0.201772374455366	724	141	0.551255575484741	0.73448416677967
k__Bacteria.p__Actinobacteria.c__Actinobacteria.o__Actinomycetales.f__Actinomycetaceae.g__Actinomyces.s__Actinomyces_naeslundii	total_seqs_scaled	total_seqs_scaled	0.0460198485631343	0.0796512322954632	724	96	0.563602620478832	0.741320353192207
k__Bacteria.p__Actinobacteria.c__Actinobacteria.o__Bifidobacteriales.f__Bifidobacteriaceae.g__Scardovia.s__Scardovia_wiggsiae	collection_method	collection_method	-0.482745062368194	0.833882547863687	724	55	0.562829749308585	0.741320353192207
k__Bacteria.p__Firmicutes.c__Clostridia.o__Clostridiales.f__Ruminococcaceae.g__Ruminococcus.s__Ruminococcus_callidus	age_scaled	age_scaled	-0.0236156055578534	0.0410014047692191	724	39	0.564815507194062	0.741320353192207
k__Bacteria.p__Actinobacteria.c__Actinobacteria.o__Bifidobacteriales.f__Bifidobacteriaceae.g__Bifidobacterium.s__Bifidobacterium_breve	age_scaled	age_scaled	-0.073719686602357	0.129458638425042	724	104	0.569231699854056	0.744789139995961
k__Bacteria.p__Firmicutes.c__Clostridia.o__Clostridiales.f__Clostridiaceae.g__Butyricicoccus.s__Butyricicoccus_pullicaecorum	collection_method	collection_method	-0.477092857671546	0.841965203521109	724	43	0.571134506218938	0.744958051589919
k__Bacteria.p__Actinobacteria.c__Actinobacteria.o__Bifidobacteriales.f__Bifidobacteriaceae.g__Bifidobacterium.s__Bifidobacterium_bifidum	Sex	Sex	0.263620445188871	0.469581254359905	724	207	0.574703643655688	0.744986204738854
k__Bacteria.p__Actinobacteria.c__Actinobacteria.o__Bifidobacteriales.f__Bifidobacteriaceae.g__Bifidobacterium.s__Bifidobacterium_gallinarum	collection_method	collection_method	-0.358158728087553	0.637265607643674	724	45	0.574274895781594	0.744986204738854
k__Bacteria.p__Firmicutes.c__Bacilli.o__Lactobacillales.f__Streptococcaceae.g__Streptococcus.s__Streptococcus_sp_A12	age_scaled	age_scaled	0.0312870195974388	0.0564286385724689	724	58	0.579441619746138	0.748816862441163
k__Bacteria.p__Firmicutes.c__Clostridia.o__Clostridiales.f__Ruminococcaceae.g__Ruminococcus.s__Ruminococcus_callidus	collection_method	collection_method	-0.265103133389379	0.482347406947338	724	39	0.582757553872779	0.750791940572292
k__Bacteria.p__Firmicutes.c__Bacilli.o__Lactobacillales.f__Enterococcaceae.g__Enterococcus.s__Enterococcus_avium	Sex	Sex	-0.0912233026435306	0.169219619256639	724	54	0.589997174054058	0.757431644604606
k__Bacteria.p__Firmicutes.c__Clostridia.o__Clostridiales.f__Lachnospiraceae.g__Blautia.s__Blautia_hansenii	age_scaled	age_scaled	-0.0804196277150327	0.149791186973119	724	137	0.591518046262645	0.757431644604606
k__Bacteria.p__Actinobacteria.c__Actinobacteria.o__Bifidobacteriales.f__Bifidobacteriaceae.g__Scardovia.s__Scardovia_wiggsiae	age_scaled	age_scaled	0.0368713983887425	0.0708832583787054	724	55	0.603104906936932	0.767588063374277
k__Bacteria.p__Firmicutes.c__Bacilli.o__Lactobacillales.f__Streptococcaceae.g__Streptococcus.s__Streptococcus_lutetiensis	collection_method	collection_method	-0.4851372767871	0.93052445761627	724	41	0.602277492279112	0.767588063374277
k__Bacteria.p__Actinobacteria.c__Actinobacteria.o__Bifidobacteriales.f__Bifidobacteriaceae.g__Bifidobacterium.s__Bifidobacterium_bifidum	age_scaled	age_scaled	0.115514364902286	0.225316467288396	724	207	0.608335599472029	0.771906198725837
k__Bacteria.p__Actinobacteria.c__Actinobacteria.o__Bifidobacteriales.f__Bifidobacteriaceae.g__Bifidobacterium.s__Bifidobacterium_breve	Sex	Sex	-0.13405761687905	0.269804291497017	724	104	0.619432933405986	0.778927640809923
k__Bacteria.p__Firmicutes.c__Clostridia.o__Clostridiales.f__Eubacteriaceae.g__Eubacterium.s__Eubacterium_limosum	total_seqs_scaled	total_seqs_scaled	-0.0508788196444722	0.102235562778318	724	104	0.618874223556386	0.778927640809923
k__Bacteria.p__Proteobacteria.c__Gammaproteobacteria.o__Enterobacterales.f__Enterobacteriaceae.g__Klebsiella.s__Klebsiella_quasipneumoniae	Sex	Sex	0.103999123522853	0.20905930360508	724	127	0.61901538214266	0.778927640809923
k__Bacteria.p__Actinobacteria.c__Actinobacteria.o__Bifidobacteriales.f__Bifidobacteriaceae.g__Bifidobacterium.s__Bifidobacterium_saeculare	collection_method	collection_method	-0.315625421856186	0.666762241177951	724	39	0.636092922211857	0.795116152764822
k__Bacteria.p__Firmicutes.c__Clostridia.o__Clostridiales.f__Ruminococcaceae.g__Pseudoflavonifractor.s__Pseudoflavonifractor_sp_An184	Sex	Sex	-0.101629609551368	0.213972778654572	724	88	0.634956263686611	0.795116152764822
k__Bacteria.p__Firmicutes.c__Clostridia.o__Clostridiales.f__Lachnospiraceae.g__Lachnoclostridium.s__Clostridium_hylemonae	collection_method	collection_method	-0.26956723895699	0.581773451668825	724	39	0.643250838451814	0.801677602818285
k__Bacteria.p__Firmicutes.c__Clostridia.o__Clostridiales.f__Eubacteriaceae.g__Eubacterium.s__Eubacterium_hallii	total_seqs_scaled	total_seqs_scaled	-0.0749860743993848	0.164125901649378	724	507	0.647894471385469	0.804593813780932
k__Bacteria.p__Proteobacteria.c__Gammaproteobacteria.o__Enterobacterales.f__Enterobacteriaceae.g__Klebsiella.s__Klebsiella_pneumoniae	Sex	Sex	0.15181889283139	0.333846826709451	724	190	0.649422149694609	0.804593813780932
k__Bacteria.p__Bacteroidetes.c__Bacteroidia.o__Bacteroidales.f__Porphyromonadaceae.g__Porphyromonas.s__Porphyromonas_asaccharolytica	Sex	Sex	0.0995443236648507	0.22905734591487	724	59	0.663996044182064	0.813929560496851
k__Bacteria.p__Firmicutes.c__Bacilli.o__Lactobacillales.f__Streptococcaceae.g__Streptococcus.s__Streptococcus_mutans	Sex	Sex	-0.122677375277031	0.279835959034512	724	206	0.661235231136417	0.813929560496851
k__Bacteria.p__Firmicutes.c__Clostridia.o__Clostridiales.f__Lachnospiraceae.g__Blautia.s__Blautia_hansenii	Sex	Sex	0.135360952893967	0.312179284174845	724	137	0.664709141072429	0.813929560496851
k__Bacteria.p__Firmicutes.c__Negativicutes.o__Veillonellales.f__Veillonellaceae.g__Dialister.s__Dialister_invisus	age_scaled	age_scaled	-0.0623014122592472	0.14144658374725	724	184	0.659737316528176	0.813929560496851
k__Bacteria.p__Firmicutes.c__Clostridia.o__Clostridiales.f__Eubacteriaceae.g__Eubacterium.s__Eubacterium_eligens	collection_method	collection_method	-0.948384273347352	2.23711865688948	724	366	0.671743003969085	0.816647402014781
k__Bacteria.p__Firmicutes.c__Clostridia.o__Clostridiales.f__Eubacteriaceae.g__Eubacterium.s__Eubacterium_ramulus	total_seqs_scaled	total_seqs_scaled	0.0724348178938711	0.171429624073033	724	253	0.672761907374082	0.816647402014781
k__Bacteria.p__Firmicutes.c__Erysipelotrichia.o__Erysipelotrichales.f__Erysipelotrichaceae.g__Turicibacter.s__Turicibacter_sanguinis	age_scaled	age_scaled	0.0548857570719377	0.129813621371111	724	129	0.672564646286578	0.816647402014781
k__Bacteria.p__Bacteroidetes.c__Bacteroidia.o__Bacteroidales.f__Tannerellaceae.g__Parabacteroides.s__Parabacteroides_distasonis	collection_method	collection_method	0.960100627578985	2.30071626467165	724	630	0.676580006160403	0.818915281231612
k__Archaea.p__Euryarchaeota.c__Thermoplasmata.o__Methanomassiliicoccales.f__Methanomassiliicoccaceae.g__Methanomassiliicoccus.s__Candidatus_Methanomassiliicoccus_intestinalis	Sex	Sex	-0.0631465072249341	0.153649448466243	724	54	0.681211465119469	0.819796032521998
k__Bacteria.p__Firmicutes.c__Bacilli.o__Lactobacillales.f__Streptococcaceae.g__Streptococcus.s__Streptococcus_lutetiensis	total_seqs_scaled	total_seqs_scaled	0.0319768127858058	0.0773892824487462	724	41	0.679587610227694	0.819796032521998
k__Bacteria.p__Actinobacteria.c__Actinobacteria.o__Actinomycetales.f__Actinomycetaceae.g__Actinomyces.s__Actinomyces_sp_oral_taxon_448	Sex	Sex	-0.0621886703453009	0.155358641288647	724	61	0.689061243180195	0.821887007541798
k__Bacteria.p__Firmicutes.c__Clostridia.o__Clostridiales.f__Clostridiaceae.g__Butyricicoccus.s__Butyricicoccus_pullicaecorum	Sex	Sex	-0.0604893681333993	0.149159442036432	724	43	0.685205139117614	0.821887007541798
k__Bacteria.p__Firmicutes.c__Clostridia.o__Clostridiales.f__Eubacteriaceae.g__Eubacterium.s__Eubacterium_ramulus	collection_method	collection_method	0.820303372083967	2.06126033104866	724	253	0.690776461100607	0.821887007541798
k__Bacteria.p__Firmicutes.c__Clostridia.o__Clostridiales.f__Ruminococcaceae.g__Ruminococcus.s__Ruminococcus_lactaris	total_seqs_scaled	total_seqs_scaled	0.0577411514230032	0.143667141865285	724	203	0.687870429958747	0.821887007541798
k__Bacteria.p__Firmicutes.c__Clostridia.o__Clostridiales.f__Clostridiaceae.g__Clostridium.s__Clostridium_sp_CAG_58	collection_method	collection_method	-0.823770533832684	2.14309362207669	724	462	0.700807798690568	0.831466879802368
k__Bacteria.p__Actinobacteria.c__Actinobacteria.o__Bifidobacteriales.f__Bifidobacteriaceae.g__Bifidobacterium.s__Bifidobacterium_bifidum	collection_method	collection_method	-0.919240255950285	2.65066073591416	724	207	0.72884571012	0.849877245518445
k__Bacteria.p__Actinobacteria.c__Actinobacteria.o__Bifidobacteriales.f__Bifidobacteriaceae.g__Bifidobacterium.s__Bifidobacterium_saeculare	total_seqs_scaled	total_seqs_scaled	0.0189602907872486	0.055452869600939	724	39	0.732513244946851	0.849877245518445
k__Bacteria.p__Actinobacteria.c__Coriobacteriia.o__Coriobacteriales.f__Coriobacteriaceae.g__Enorma.s__Enorma_massiliensis	Sex	Sex	-0.0864140513117381	0.247862801365695	724	166	0.727464330053242	0.849877245518445
k__Bacteria.p__Actinobacteria.c__Coriobacteriia.o__Coriobacteriales.f__Coriobacteriaceae.g__Enorma.s__Enorma_massiliensis	total_seqs_scaled	total_seqs_scaled	-0.0418462311656033	0.116361088343066	724	166	0.719234134757115	0.849877245518445
k__Bacteria.p__Firmicutes.c__Bacilli.o__Lactobacillales.f__Streptococcaceae.g__Streptococcus.s__Streptococcus_infantis	Sex	Sex	0.0441575676616015	0.128681456454853	724	50	0.731582990578364	0.849877245518445
k__Bacteria.p__Firmicutes.c__Clostridia.o__Clostridiales.f__Lachnospiraceae.g__Anaerostipes.s__Anaerostipes_hadrus	collection_method	collection_method	0.837452643578308	2.413094207534	724	524	0.728659092280885	0.849877245518445
k__Bacteria.p__Firmicutes.c__Clostridia.o__Clostridiales.f__Lachnospiraceae.g__Lachnoclostridium.s__Clostridium_hylemonae	total_seqs_scaled	total_seqs_scaled	0.0171003337404085	0.0483845745309225	724	39	0.723873350499213	0.849877245518445
k__Bacteria.p__Firmicutes.c__Negativicutes.o__Veillonellales.f__Veillonellaceae.g__Megasphaera.s__Megasphaera_sp_DISK_18	total_seqs_scaled	total_seqs_scaled	-0.0347415908112433	0.0983364746444918	724	59	0.723972473928011	0.849877245518445
k__Bacteria.p__Firmicutes.c__Clostridia.o__Clostridiales.f__Clostridiaceae.g__Clostridium.s__Clostridium_sp_CAG_299	collection_method	collection_method	0.540029376019651	1.62933956310405	724	120	0.740408372639908	0.856670844376752
k__Bacteria.p__Firmicutes.c__Bacilli.o__Lactobacillales.f__Lactobacillaceae.g__Lactobacillus.s__Lactobacillus_paragasseri	Sex	Sex	-0.0600696254439144	0.188736575134071	724	57	0.750370938640349	0.864361448057418
k__Bacteria.p__Firmicutes.c__Clostridia.o__Clostridiales.f__Ruminococcaceae.g__Ruminococcaceae_unclassified.s__Ruminococcaceae_bacterium_D5	Sex	Sex	0.0808680627895151	0.254929882213786	724	199	0.751171258430851	0.864361448057418
k__Bacteria.p__Firmicutes.c__Clostridia.o__Clostridiales.f__Lachnospiraceae.g__Roseburia.s__Roseburia_intestinalis	collection_method	collection_method	-0.839936507670997	2.73318606549786	724	464	0.758696231063739	0.87063501925347
k__Bacteria.p__Firmicutes.c__Bacilli.o__Lactobacillales.f__Streptococcaceae.g__Streptococcus.s__Streptococcus_sp_A12	total_seqs_scaled	total_seqs_scaled	-0.0167596992199972	0.0552094996684902	724	58	0.76154688358468	0.871525043884375
k__Bacteria.p__Proteobacteria.c__Gammaproteobacteria.o__Enterobacterales.f__Enterobacteriaceae.g__Klebsiella.s__Klebsiella_quasipneumoniae	collection_method	collection_method	-0.345715091522934	1.18008392029811	724	127	0.769638857399265	0.878392174205682
k__Bacteria.p__Firmicutes.c__Bacilli.o__Lactobacillales.f__Streptococcaceae.g__Streptococcus.s__Streptococcus_australis	collection_method	collection_method	0.253266986621565	0.882339222842127	724	86	0.774164216541586	0.881162522892862
k__Bacteria.p__Actinobacteria.c__Actinobacteria.o__Bifidobacteriales.f__Bifidobacteriaceae.g__Bifidobacterium.s__Bifidobacterium_pullorum	Sex	Sex	0.0508748990804093	0.191070172754216	724	64	0.790113183595401	0.895782950418863
k__Bacteria.p__Firmicutes.c__Bacilli.o__Lactobacillales.f__Lactobacillaceae.g__Lactobacillus.s__Lactobacillus_salivarius	collection_method	collection_method	-0.343789867787474	1.29852555643708	724	84	0.791274939536663	0.895782950418863
k__Bacteria.p__Firmicutes.c__Clostridia.o__Clostridiales.f__Ruminococcaceae.g__Harryflintia.s__Harryflintia_acetispora	Sex	Sex	-0.0583149555796546	0.235049069137789	724	190	0.80413033765351	0.907889090899125
k__Bacteria.p__Actinobacteria.c__Actinobacteria.o__Actinomycetales.f__Actinomycetaceae.g__Actinomyces.s__Actinomyces_naeslundii	Sex	Sex	-0.0411360060165593	0.169666491179391	724	96	0.808499065645353	0.910374283032301
k__Bacteria.p__Firmicutes.c__Clostridia.o__Clostridiales.f__Clostridiales_unclassified.g__Monoglobus.s__Monoglobus_pectinilyticus	total_seqs_scaled	total_seqs_scaled	0.0446096211495498	0.189818616261639	724	287	0.814266555240744	0.91441698716875
k__Bacteria.p__Firmicutes.c__Bacilli.o__Lactobacillales.f__Streptococcaceae.g__Streptococcus.s__Streptococcus_mitis	age_scaled	age_scaled	-0.0204339446419036	0.0910569746449103	724	115	0.822503424559892	0.91895769166525
k__Bacteria.p__Firmicutes.c__Clostridia.o__Clostridiales.f__Eubacteriaceae.g__Eubacterium.s__Eubacterium_sp_CAG_38	total_seqs_scaled	total_seqs_scaled	-0.0418305345549019	0.186598773804523	724	306	0.822685933490795	0.91895769166525
k__Bacteria.p__Bacteroidetes.c__Bacteroidia.o__Bacteroidales.f__Bacteroidaceae.g__Bacteroides.s__Bacteroides_faecis_CAG_32	age_scaled	age_scaled	-0.0244767685404444	0.111660735588537	724	96	0.826551424769777	0.920826520963678
k__Bacteria.p__Firmicutes.c__Bacilli.o__Lactobacillales.f__Lactobacillaceae.g__Lactobacillus.s__Lactobacillus_reuteri	collection_method	collection_method	0.297138050717619	1.38138661407291	724	50	0.829749426078104	0.921943806753449
k__Bacteria.p__Bacteroidetes.c__Bacteroidia.o__Bacteroidales.f__Bacteroidaceae.g__Bacteroides.s__Bacteroides_faecis_CAG_32	total_seqs_scaled	total_seqs_scaled	0.0222754367812008	0.109248309022051	724	96	0.838491520561519	0.926753785883784
k__Bacteria.p__Firmicutes.c__Bacilli.o__Lactobacillales.f__Streptococcaceae.g__Streptococcus.s__Streptococcus_mitis	collection_method	collection_method	-0.218781005402858	1.07120953176255	724	115	0.838225895141824	0.926753785883784
k__Bacteria.p__Firmicutes.c__Clostridia.o__Clostridiales.f__Lachnospiraceae.g__Blautia.s__Blautia_wexlerae	Sex	Sex	-0.0756897768437954	0.376557051653242	724	647	0.840751742895345	0.926812944924003
k__Bacteria.p__Firmicutes.c__Bacilli.o__Lactobacillales.f__Streptococcaceae.g__Streptococcus.s__Streptococcus_mutans	collection_method	collection_method	-0.311680480917501	1.57959923276911	724	206	0.843635964886163	0.927557867152326
k__Bacteria.p__Actinobacteria.c__Actinobacteria.o__Micrococcales.f__Micrococcaceae.g__Rothia.s__Rothia_mucilaginosa	Sex	Sex	-0.0512039100727043	0.276352719064951	724	241	0.853058122805965	0.928197957457268
k__Bacteria.p__Firmicutes.c__Clostridia.o__Clostridiales.f__Clostridiaceae.g__Butyricicoccus.s__Butyricicoccus_pullicaecorum	total_seqs_scaled	total_seqs_scaled	0.0131348487109412	0.070024041188804	724	43	0.851261821803136	0.928197957457268
k__Bacteria.p__Firmicutes.c__Clostridia.o__Clostridiales.f__Eubacteriaceae.g__Eubacterium.s__Eubacterium_sp_CAG_38	collection_method	collection_method	-0.42681251861702	2.24365334956181	724	306	0.849181855781406	0.928197957457268
k__Bacteria.p__Proteobacteria.c__Gammaproteobacteria.o__Enterobacterales.f__Enterobacteriaceae.g__Klebsiella.s__Klebsiella_pneumoniae	collection_method	collection_method	0.364643146909623	1.88447615221464	724	190	0.846623373284503	0.928197957457268
k__Bacteria.p__Firmicutes.c__Clostridia.o__Clostridiales.f__Lachnospiraceae.g__Roseburia.s__Roseburia_faecis	collection_method	collection_method	-0.502887660237417	2.95244985642885	724	448	0.864799434411695	0.93854202184215
k__Bacteria.p__Firmicutes.c__Clostridia.o__Clostridiales.f__Lachnospiraceae.g__Blautia.s__Blautia_wexlerae	age_scaled	age_scaled	0.0301173884263905	0.180681200161398	724	647	0.867662475829131	0.93922226765009
k__Bacteria.p__Firmicutes.c__Erysipelotrichia.o__Erysipelotrichales.f__Erysipelotrichaceae.g__Erysipelatoclostridium.s__Clostridium_innocuum	collection_method	collection_method	-0.310694855147259	1.92320755525581	724	533	0.871705405247968	0.941172931116058
k__Bacteria.p__Actinobacteria.c__Actinobacteria.o__Bifidobacteriales.f__Bifidobacteriaceae.g__Bifidobacterium.s__Bifidobacterium_breve	collection_method	collection_method	0.240777752987179	1.52297314940122	724	104	0.874424678957266	0.941688115800133
k__Bacteria.p__Firmicutes.c__Bacilli.o__Lactobacillales.f__Enterococcaceae.g__Enterococcus.s__Enterococcus_faecium	age_scaled	age_scaled	0.0126114308818585	0.0852053574644203	724	74	0.882374709944546	0.947819381526111
k__Bacteria.p__Firmicutes.c__Bacilli.o__Lactobacillales.f__Streptococcaceae.g__Streptococcus.s__Streptococcus_australis	total_seqs_scaled	total_seqs_scaled	0.0105380970803128	0.0733818426514646	724	86	0.885851636109304	0.949126752974254
k__Bacteria.p__Firmicutes.c__Clostridia.o__Clostridiales.f__Lachnospiraceae.g__Lachnoclostridium.s__Clostridium_hylemonae	Sex	Sex	-0.0136780887888709	0.103064833415477	724	39	0.894457195386748	0.955908453085074
k__Bacteria.p__Firmicutes.c__Clostridia.o__Clostridiales.f__Lachnospiraceae.g__Anaerostipes.s__Anaerostipes_hadrus	total_seqs_scaled	total_seqs_scaled	0.0251710919458642	0.200690726260624	724	524	0.900224345598748	0.957200570003732
k__Bacteria.p__Firmicutes.c__Clostridia.o__Clostridiales.f__Lachnospiraceae.g__Roseburia.s__Roseburia_intestinalis	total_seqs_scaled	total_seqs_scaled	0.0288420923283284	0.227311927888109	724	464	0.899068271958365	0.957200570003732
k__Bacteria.p__Firmicutes.c__Clostridia.o__Clostridiales.f__Ruminococcaceae.g__Ruminococcus.s__Ruminococcus_lactaris	Sex	Sex	0.0370255228947589	0.306027906355983	724	203	0.903734859050084	0.958506668689483
k__Bacteria.p__Firmicutes.c__Clostridia.o__Clostridiales.f__Lachnospiraceae.g__Lachnospiraceae_unclassified.s__Eubacterium_rectale	collection_method	collection_method	0.252101278940346	2.63555658212877	724	596	0.923822141575782	0.970013248654572
k__Bacteria.p__Firmicutes.c__Erysipelotrichia.o__Erysipelotrichales.f__Erysipelotrichaceae.g__Turicibacter.s__Turicibacter_sanguinis	Sex	Sex	-0.026723596221229	0.270544110202227	724	129	0.921342722366206	0.970013248654572
k__Bacteria.p__Firmicutes.c__Erysipelotrichia.o__Erysipelotrichales.f__Erysipelotrichaceae.g__Turicibacter.s__Turicibacter_sanguinis	collection_method	collection_method	-0.148915477049168	1.52714922835537	724	129	0.922346965660749	0.970013248654572
k__Bacteria.p__Firmicutes.c__Negativicutes.o__Acidaminococcales.f__Acidaminococcaceae.g__Acidaminococcus.s__Acidaminococcus_intestini	total_seqs_scaled	total_seqs_scaled	-0.0234970715009865	0.228759141995212	724	208	0.91821758401399	0.970013248654572
k__Bacteria.p__Firmicutes.c__Clostridia.o__Clostridiales.f__Ruminococcaceae.g__Ruminococcus.s__Ruminococcus_callidus	total_seqs_scaled	total_seqs_scaled	0.00364849926030544	0.0401155707505986	724	39	0.927557922829587	0.971507051342709
k__Bacteria.p__Actinobacteria.c__Actinobacteria.o__Bifidobacteriales.f__Bifidobacteriaceae.g__Bifidobacterium.s__Bifidobacterium_saeculare	age_scaled	age_scaled	0.00431881057945933	0.0566773826118103	724	39	0.939281293514686	0.973351538018037
k__Bacteria.p__Actinobacteria.c__Actinobacteria.o__Bifidobacteriales.f__Bifidobacteriaceae.g__Scardovia.s__Scardovia_wiggsiae	Sex	Sex	-0.0121443697955743	0.147727548648212	724	55	0.934504312194327	0.973351538018037
k__Bacteria.p__Firmicutes.c__Clostridia.o__Clostridiales.f__Ruminococcaceae.g__Ruminococcaceae_unclassified.s__Ruminococcaceae_bacterium_D5	collection_method	collection_method	-0.111058350582149	1.43901108257911	724	199	0.938504353935386	0.973351538018037
k__Bacteria.p__Firmicutes.c__Clostridia.o__Clostridiales.f__Ruminococcaceae.g__Ruminococcus.s__Ruminococcus_callidus	Sex	Sex	-0.00693724356108856	0.0854508829902982	724	39	0.935318256378696	0.973351538018037
k__Bacteria.p__Firmicutes.c__Clostridia.o__Clostridiales.f__Ruminococcaceae.g__Ruthenibacterium.s__Ruthenibacterium_lactatiformans	collection_method	collection_method	-0.0832485745933371	1.1226060759063	724	707	0.940906486750769	0.973351538018037
k__Bacteria.p__Firmicutes.c__Bacilli.o__Lactobacillales.f__Streptococcaceae.g__Streptococcus.s__Streptococcus_lutetiensis	Sex	Sex	-0.0108034036268945	0.164848272017475	724	41	0.94776593443477	0.974134544270794
k__Bacteria.p__Firmicutes.c__Erysipelotrichia.o__Erysipelotrichales.f__Erysipelotrichaceae.g__Coprobacillus.s__Coprobacillus_cateniformis	Sex	Sex	-0.0137380286744337	0.213123195556021	724	94	0.94862149668275	0.974134544270794
k__Bacteria.p__Firmicutes.c__Negativicutes.o__Veillonellales.f__Veillonellaceae.g__Veillonella.s__Veillonella_dispar	collection_method	collection_method	0.0494269894644411	0.703777039853561	724	87	0.944029329209874	0.974134544270794
k__Bacteria.p__Firmicutes.c__Bacilli.o__Lactobacillales.f__Lactobacillaceae.g__Lactobacillus.s__Lactobacillus_reuteri	total_seqs_scaled	total_seqs_scaled	0.00665057928403016	0.114886307363982	724	50	0.953853665670259	0.974740972217783
k__Bacteria.p__Firmicutes.c__Clostridia.o__Clostridiales.f__Ruminococcaceae.g__Faecalibacterium.s__Faecalibacterium_prausnitzii	collection_method	collection_method	0.124981460468866	2.11391362382965	724	663	0.952870384957659	0.974740972217783
k__Bacteria.p__Firmicutes.c__Clostridia.o__Clostridiales.f__Ruminococcaceae.g__Pseudoflavonifractor.s__Pseudoflavonifractor_sp_An184	collection_method	collection_method	-0.0623093105667745	1.20781917435619	724	88	0.958871108735795	0.977489965216102
k__Archaea.p__Euryarchaeota.c__Thermoplasmata.o__Methanomassiliicoccales.f__Methanomassiliicoccaceae.g__Methanomassiliicoccus.s__Candidatus_Methanomassiliicoccus_intestinalis	total_seqs_scaled	total_seqs_scaled	-0.00339533288330914	0.0721319090574856	724	54	0.962469599313048	0.978200253848976
k__Bacteria.p__Actinobacteria.c__Coriobacteriia.o__Coriobacteriales.f__Coriobacteriaceae.g__Enorma.s__Collinsella_massiliensis	total_seqs_scaled	total_seqs_scaled	0.00477011301191968	0.107270659841609	724	357	0.964543713215783	0.978200253848976
k__Bacteria.p__Firmicutes.c__Clostridia.o__Clostridiales.f__Eubacteriaceae.g__Eubacterium.s__Eubacterium_callanderi	collection_method	collection_method	0.0445725179729339	1.06266768476106	724	99	0.966555012731727	0.978200253848976
k__Bacteria.p__Firmicutes.c__Bacilli.o__Lactobacillales.f__Lactobacillaceae.g__Lactobacillus.s__Lactobacillus_rhamnosus	collection_method	collection_method	0.0335049725061697	1.37850721026938	724	134	0.980615872790451	0.987670663242181
k__Bacteria.p__Firmicutes.c__Clostridia.o__Clostridiales.f__Clostridiaceae.g__Butyricicoccus.s__Butyricicoccus_pullicaecorum	age_scaled	age_scaled	0.00178928579283584	0.0715703155318008	724	43	0.980061599059255	0.987670663242181
k__Bacteria.p__Bacteroidetes.c__Bacteroidia.o__Bacteroidales.f__Prevotellaceae.g__Prevotella.s__Prevotella_copri	total_seqs_scaled	total_seqs_scaled	-0.00414407357055168	0.197917152786444	724	260	0.983300591439443	0.988005378958292
k__Bacteria.p__Firmicutes.c__Clostridia.o__Clostridiales.f__Ruminococcaceae.g__Ruminococcus.s__Ruminococcus_bicirculans	total_seqs_scaled	total_seqs_scaled	-0.0023402839329629	0.212332943743443	724	241	0.991209143113128	0.993574797392634
k__Bacteria.p__Firmicutes.c__Negativicutes.o__Veillonellales.f__Veillonellaceae.g__Megasphaera.s__Megasphaera_sp_MJR8396C	age_scaled	age_scaled	0.000276047810646279	0.148053117510082	724	99	0.998512848055651	0.998512848055651
